=== final gate ===
2026-08-04T20:05:51Z
0c9586ef53358ad47d1382df228b19912326a4f1

=====================================================================
[stage 1] static gates (tags, ports, secrets, chart, vocabulary)
=====================================================================
jcs_vocabulary_gate: selftest OK
jcs_vocabulary_gate: OK — 34 forward-design docs clean of forbidden JCS framings
port-registry gate: OK — band 8600-8699, mcp_re_proxy=8600, Helm bindPort mirrors it.
discriminator gate: OK — the SEP-2322 discriminator lives only in mcp-re-http-profile/src/result_class.rs
selftest ok: 37 cases
tracked-secrets gate: clean
deploy image-tag gate selftest: PASS
deploy image-tag gate: PASS (every deployed image tag == VERSION 0.14.0, and every one is built)
slo invocation gate selftest: PASS
slo invocation gate: OK — every tls_load_harness_bench invocation runs the test it claims to
bazel srcs gate selftest: PASS
bazel srcs gate: OK — every hand-listed crate's srcs matches its lib.rs
es256 containment gate selftest: PASS
es256 containment gate: OK — p256 confined to mcp-re-http-profile/src/scitt.rs, and mcp-re-core still refuses ES256.
selftest ok: 8 cases (redirect scheme guard, first-hop scheme guard, opener wiring)
slo_gate selftest: OK
  ok   the default image serves every offered keySource
  ok   the proxy image declares the chart's non-root uid
  ok   the documented in-flight default is the code's
  ok   base values render
  ok   no inner backend is refused
  ok   fleet with no shared replay store is refused
  ok   fleet with a node-local durability tier is refused
  ok   plaintext replay redis is refused under fleet
  ok   plaintext trust-epoch redis is refused under fleet
  ok   plaintext replay redis renders with the named opt-out
  ok   did:example: audience placeholder is refused
  ok   example.com trust-domain placeholder is refused
  ok   epoch-1 delegated-epoch placeholder is refused
  ok   the shipped defaults render ONLY under allowExampleFixtures
  ok   empty targetUri is refused
  ok   transportBinding=none is refused
  ok   transportBinding=lb-assertion is refused
  ok   transportBinding=exact renders
  ok   keySource=gcpKms with no keyVersion is refused
  ok   an unknown keySource is refused
  ok   keySource=awsKms with no region is refused
  ok   keySource=awsKms with no keyId is refused
  ok   awsKms static credentials are refused unless deliberately accepted
  ok   accepted awsKms static credentials still need the Secret naming them
  ok   awsKms IRSA without the role-arn annotation is refused
  ok   admission ceiling of 0 is refused, not read as unset
  ok   admission total of 0 is refused
  ok   a non-numeric admission ceiling is refused
  ok   both admission ceilings set is refused (one would be discarded)
  ok   preStop + proxy drain >= kubelet grace is refused
  ok   a proxy drain below the 30s request deadline is refused
  ok   a drain budget that fits renders
  ok   a disabled connection-age bound is refused
  ok   a connection outliving the cert lifetime is refused
  ok   a live revocation tier without a trust reload cadence is refused
  ok   an unknown auditSink is refused
  ok   an unknown verifiedContextCarrier is refused
  ok   an unknown admissionCurrency.mode is refused
  ok   admission currency without an authority is refused
  ok   admission currency without the shared record is refused
  ok   plaintext admission-currency redis is refused under fleet
  ok   an unbounded degraded window is refused
  ok   admission-currency settings with mode off are refused, not silently ignored
  ok   a fully configured admission currency renders
  ok   unset admission ceilings omit both flags
  ok   maxInFlight renders the per-core flag only
  ok   maxInFlightTotal renders the fleet-wide flag only
  ok   the audit sink and revocation bounds are rendered by default
  ok   the trust reload cadence is rendered by default
  ok   clientCrl paths render the CRL flags
  ok   no CRL paths means no CRL flags at all
  ok   the trusted verified-context carrier is opt-in and rendered when asked
  ok   gcpKms custody never passes a signing-key seed
  ok   file custody does pass the signing-key seed
  ok   delegated TLS custody omits the exported TLS key
  ok   awsKms IRSA custody renders the web-identity flag and no signing-key seed
  ok   awsKms delegated TLS omits the exported TLS key
  ok   accepted awsKms static credentials do NOT render the web-identity flag
  ok   no admissionCurrency means no admission flag at all
  ok   admission currency renders the mode and all three anchors
  ok   a bounded degraded window renders both flags together
  ok   no retainedEvidence.dir means no retention flag
  ok   retainedEvidence.dir renders the retention flag
  ok   the apiserver token is not automounted, on either object
  ok   the pod spec refuses the token even when the ServiceAccount is not created
  ok   the proxy container filesystem is read-only
  ok   retention gets the pod's only writable path, and it is bounded
  ok   no retention means no volume to write to

helm render gate: 68 cases pass

=====================================================================
[stage 2] cargo suites + SDK downloaders (workspace, features, py/ts)
=====================================================================
    Finished `dev` profile [unoptimized + debuginfo] target(s) in 0.28s
    Finished `dev` profile [unoptimized + debuginfo] target(s) in 0.11s
    Finished `dev` profile [unoptimized + debuginfo] target(s) in 0.07s
    Finished `dev` profile [unoptimized + debuginfo] target(s) in 0.08s
    Finished `dev` profile [unoptimized + debuginfo] target(s) in 0.02s
    Finished `dev` profile [unoptimized + debuginfo] target(s) in 0.18s
    Finished `test` profile [unoptimized + debuginfo] target(s) in 0.15s
     Running unittests src/lib.rs (target/debug/deps/mcp_re_client-0f54f9f8b6d79ec6)

running 32 tests
test config::tests::a_config_skew_bound_matches_the_profile_bound ... ok
test config::tests::a_dpop_binding_on_a_non_bearer_authorization_is_refused ... ok
test config::tests::a_binding_on_an_unsent_header_is_refused ... ok
test config::tests::a_duplicate_route_id_is_refused ... ok
test config::tests::a_dpop_binding_on_another_header_is_refused ... ok
test config::tests::a_literal_mtls_binding_is_refused ... ok
test config::tests::a_literal_or_file_dpop_binding_is_refused ... ok
test config::tests::a_dpop_binding_digests_what_the_verifier_digests ... ok
test config::tests::a_disabled_or_unbounded_reload_cadence_is_refused ... ok
test config::tests::a_loopback_bind_is_accepted ... ok
test config::tests::a_non_dpop_header_binding_digests_the_value_verbatim ... ok
test config::tests::a_non_loopback_bind_is_refused_unless_declared ... ok
test config::tests::an_empty_org_key_pin_set_is_refused ... ok
test config::tests::an_out_of_range_clock_skew_is_refused ... ok
test config::tests::the_floor_must_be_named ... ok
test config::tests::an_unknown_field_fails_rather_than_defaulting ... ok
test serve::tests::a_nested_or_empty_path_names_no_route ... ok
test serve::tests::a_path_names_its_route ... ok
test serve::tests::any_other_path_falls_to_the_default_route_only_when_one_is_configured ... ok
test serve::tests::the_head_terminator_is_found_at_its_own_end ... ok
test serve::tests::bind_refuses_a_non_loopback_address_unless_it_is_declared ... ok
test serve::tests::a_panicking_worker_returns_its_in_flight_slot ... ok
test serve::tests::the_response_writer_emits_one_content_length_and_closes ... ok
test tests::the_nonce_clears_the_128_bit_emission_floor ... ok
test anchors::tests::an_ephemeral_floor_forgets_the_rollback_across_a_restart ... ok
test anchors::tests::a_published_manifest_loads_and_raises_the_durable_floor ... ok
test anchors::tests::a_failed_refresh_keeps_the_anchors_in_force ... ok
test anchors::tests::a_restarted_client_refuses_a_rolled_back_manifest ... ok
test anchors::tests::an_expired_manifest_withdraws_the_anchors_rather_than_serving_on_them ... ok
test anchors::tests::a_refreshed_manifest_reaches_a_running_client ... ok
test serve::tests::a_head_split_across_reads_still_frames_a_body_that_arrived_with_it ... ok
test serve::tests::a_dripping_caller_hits_the_exchange_deadline_instead_of_holding_the_worker ... ok

test result: ok. 32 passed; 0 failed; 0 ignored; 0 measured; 0 filtered out; finished in 0.57s

     Running unittests src/main.rs (target/debug/deps/mcp_re_client-9f8837c9f300e8c8)

running 2 tests
test tests::the_posture_line_reports_whether_the_floor_is_bounded_upward ... ok
test tests::the_posture_line_reports_the_bootstrap_the_floor_actually_has ... ok

test result: ok. 2 passed; 0 failed; 0 ignored; 0 measured; 0 filtered out; finished in 0.00s

     Running tests/local_leg_e2e_test.rs (target/debug/deps/local_leg_e2e_test-57f1a6afce7d9920)

running 9 tests
test concurrent_local_callers_are_served_in_parallel ... ok
test a_plain_mcp_call_round_trips_through_the_listener_and_comes_back_verified ... ok
test a_configured_default_route_serves_a_fixed_path ... ok
test a_notification_is_acknowledged_with_a_bodyless_202 ... ok
test a_published_revocation_reaches_the_running_listener ... ok
test a_path_that_names_no_route_is_refused_rather_than_guessed ... ok
test a_replayed_older_manifest_cannot_restore_service_through_the_listener ... ok
test shutdown_waits_for_an_accepted_exchange_instead_of_dropping_it ... ok
test the_local_http_surface_refuses_everything_it_does_not_implement ... ok

test result: ok. 9 passed; 0 failed; 0 ignored; 0 measured; 0 filtered out; finished in 0.92s

     Running unittests src/lib.rs (target/debug/deps/mcp_re_client_core-6436908787d96185)

running 41 tests
test request::evidence_precondition_tests::signing_with_no_artifact_binding_is_refused_locally ... ok
test request::evidence_precondition_tests::signing_with_a_structurally_invalid_binding_is_refused_locally ... ok
test request::notification_tests::a_continuation_on_a_notification_is_refused_locally ... ok
test request::evidence_precondition_tests::a_valid_binding_still_signs ... ok
test request::notification_tests::a_signed_notification_carries_the_ordinary_rfc_9421_evidence ... ok
test request::notification_tests::the_id_key_is_absent_rather_than_null ... ok
test request::evidence_precondition_tests::the_evidence_block_still_lands_at_the_body_root ... ok
test request::notification_tests::a_signed_notification_carries_no_id_at_all ... ok
test request::evidence_precondition_tests::caller_params_meta_survives_signing ... ok
test request::notification_tests::both_custody_classes_emit_identical_notification_bytes ... ok
test response::delegated_tests::direct_root_success_is_rejected_no_credential ... ok
test response::delegated_tests::an_out_of_range_skew_cannot_widen_the_credential_window ... ok
test response::delegated_tests::delegated_bound_rejection_is_verified_and_classified ... ok
test response::delegated_tests::delegated_preflight_rejection_is_verified_unbound ... ok
test response::delegated_tests::unsigned_response_is_rejected ... ok
test response::delegated_tests::revoked_by_jti_rejects_success ... ok
test response::delegated_tests::an_expired_trust_picture_stops_resolving_its_roots ... ok
test response::delegated_tests::delegated_success_is_verified_and_classified ... ok
test trust_manifest::tests::an_unreadable_floor_fails_closed_rather_than_defaulting_to_zero ... ok
test response::delegated_tests::unbound_signature_is_not_accepted_as_success ... ok
test response::delegated_tests::non_revoked_credential_verifies_with_nonempty_list ... ok
test response::delegated_tests::revoked_issuer_kid_rejects_success ... ok
test trust_manifest::tests::the_in_memory_floor_is_monotonic ... ok
test trust_manifest::tests::anchors_are_withheld_when_the_floor_cannot_be_persisted ... ok
test trust_manifest::tests::signed_manifest_loads_current_issuers ... ok
test response::delegated_tests::revoked_delegated_key_rejection_receipt_is_rejected ... ok
test trust_manifest::tests::tampered_manifest_fails_the_signature ... ok
test response::delegated_tests::delegated_rejection_enforces_the_pin_against_the_root_issuer ... ok
test trust_manifest::tests::the_signer_kid_manifest_boundary_cannot_be_moved ... ok
test trust_manifest::tests::the_manifests_deadline_travels_with_the_anchors_it_published ... ok
test response::delegated_tests::rotation_to_new_delegated_key_succeeds_when_old_revoked ... ok
test trust_manifest::tests::expired_manifest_fails_closed ... ok
test trust_manifest::tests::rolled_back_manifest_version_is_rejected ... ok
test trust_manifest::tests::overlap_and_revocation_round_trip_through_the_manifest ... ok
test response::delegated_tests::a_pinned_route_refuses_a_202_from_another_root ... ok
test response::delegated_tests::delegated_success_enforces_the_pin_against_the_root_issuer ... ok
test response::delegated_tests::revoked_delegated_kid_rejects_success ... ok
test trust_manifest::tests::the_signer_kid_is_covered_by_the_signature ... ok
test trust_manifest::tests::untrusted_signer_is_rejected ... ok
test trust_manifest::tests::wrong_profile_is_rejected ... ok
test trust_manifest::tests::the_floor_rises_on_load_and_then_rejects_the_superseded_manifest ... ok

test result: ok. 41 passed; 0 failed; 0 ignored; 0 measured; 0 filtered out; finished in 0.00s

     Running unittests src/lib.rs (target/debug/deps/mcp_re_client_proxy-0b7a402dfe5a6b22)

running 25 tests
test manifest_floor::tests::a_bootstrap_above_the_ceiling_is_refused_at_construction ... ok
test manifest_floor::tests::recording_above_the_ceiling_is_refused_before_it_bricks_the_floor ... ok
test manifest_floor::tests::a_concurrent_raise_makes_the_accepted_version_unrecordable ... ok
test manifest_floor::tests::a_declared_bootstrap_does_not_suppress_the_durable_record ... ok
test manifest_floor::tests::a_missing_floor_is_zero ... ok
test manifest_floor::tests::a_recorded_version_survives_reopen ... ok
test proxy::tests::a_json_rpc_error_reply_is_carried_through_not_flattened_to_a_null_result ... ok
test proxy::tests::a_reply_that_is_not_a_json_rpc_response_fails_closed ... ok
test proxy::tests::a_verified_error_reply_is_classified_as_a_failed_call_not_a_success ... ok
test proxy::tests::an_input_required_reply_does_not_classify_as_terminal ... ok
test proxy::tests::an_ordinary_result_still_rebuilds ... ok
test proxy::tests::an_unrecognized_result_type_is_never_terminal ... ok
test proxy::tests::the_proxy_owned_meta_is_stripped_from_the_plain_reply ... ok
test proxy::tests::the_reply_carries_the_id_the_proxy_signed_not_the_one_the_server_echoed ... ok
test manifest_floor::tests::an_already_existing_marker_still_syncs_the_directory ... ok
test manifest_floor::tests::a_floor_within_its_ceiling_is_untouched ... ok
test manifest_floor::tests::a_floor_raised_by_another_writer_is_honoured ... ok
test manifest_floor::tests::a_late_lower_write_cannot_walk_the_floor_back ... ok
test manifest_floor::tests::the_ceiling_never_clamps_the_floor_downward ... ok
test manifest_floor::tests::a_fast_forwarded_floor_fails_stop_against_the_ceiling ... ok
test manifest_floor::tests::the_bootstrap_minimum_survives_deleting_the_whole_floor ... ok
test manifest_floor::tests::a_non_marker_entry_is_ignored_and_does_not_lower_the_floor ... ok
test manifest_floor::tests::the_floor_is_monotonic ... ok
test manifest_floor::tests::without_a_ceiling_the_floor_is_unbounded_upward ... ok
test manifest_floor::tests::superseded_markers_are_pruned ... ok

test result: ok. 25 passed; 0 failed; 0 ignored; 0 measured; 0 filtered out; finished in 0.07s

     Running unittests src/lib.rs (target/debug/deps/mcp_re_conformance-26888a50121ae23e)

running 0 tests

test result: ok. 0 passed; 0 failed; 0 ignored; 0 measured; 0 filtered out; finished in 0.00s

     Running tests/audit_vocabulary_guard_test.rs (target/debug/deps/audit_vocabulary_guard_test-ec25d485e964211e)

running 7 tests
test event_types_do_not_collide_with_frozen_wire_codes ... ok
test every_audit_token_is_a_wire_code_or_a_fixed_event_type ... ok
test guard_inputs_are_non_empty ... ok
test no_authorization_hash_mismatch_audit_reason ... ok
test every_serving_path_wire_code_is_a_frozen_wire_code ... ok
test key_lifecycle_event_set_is_exactly_the_three_item_allowlist ... ok
test success_event_set_is_exactly_the_two_item_allowlist ... ok

test result: ok. 7 passed; 0 failed; 0 ignored; 0 measured; 0 filtered out; finished in 0.00s

     Running tests/corpus_pinning_test.rs (target/debug/deps/corpus_pinning_test-dacb00b061923634)

running 5 tests
test a_tampered_fixture_fails_its_hash ... ok
test corpus_digest_commits_to_the_manifest_entries ... ok
test corpus_digest_is_order_independent ... ok
test adding_or_removing_a_vector_changes_the_corpus_digest ... ok
test every_committed_fixture_matches_its_published_hash ... ok

test result: ok. 5 passed; 0 failed; 0 ignored; 0 measured; 0 filtered out; finished in 0.00s

     Running tests/delegation_cross_verification_test.rs (target/debug/deps/delegation_cross_verification_test-45f71860b2e04020)

running 2 tests
test external_credential_verifies_under_our_verifier ... ok
test our_issuer_reproduces_the_external_bytes ... ok

test result: ok. 2 passed; 0 failed; 0 ignored; 0 measured; 0 filtered out; finished in 0.00s

     Running tests/delegation_vectors_test.rs (target/debug/deps/delegation_vectors_test-a89db70400adf752)

running 4 tests
test write_delegation_fixtures ... ignored, golden writer: regenerates the committed delegation corpus
test regenerated_delegation_fixtures_match_committed_bytes ... ok
test corpus_covers_the_full_taxonomy ... ok
test frozen_delegation_corpus_verifies ... ok

test result: ok. 3 passed; 0 failed; 1 ignored; 0 measured; 0 filtered out; finished in 0.02s

     Running tests/forbidden_claim_guard_test.rs (target/debug/deps/forbidden_claim_guard_test-5371a5f404aeda79)

running 4 tests
test detector_catches_asserted_claim_but_allows_repudiation ... ok
test legacy_security_boundary_is_a_stub_with_no_live_claim ... ok
test guard_inputs_are_non_empty ... ok
test no_forbidden_phrase_is_an_asserted_claim ... ok

test result: ok. 4 passed; 0 failed; 0 ignored; 0 measured; 0 filtered out; finished in 0.00s

     Running tests/full_profile_parity_test.rs (target/debug/deps/full_profile_parity_test-d1673def4b6242e6)

running 8 tests
test third_party_cross_verification_is_a_separate_gate ... ok
test body_tamper_fails_in_integrated_path ... ok
test artifact_mismatch_fails_in_integrated_path ... ok
test replay_fails_in_integrated_path ... ok
test continuation_mismatch_fails_in_integrated_path ... ok
test full_exchange_activates_all_blocks ... ok
test response_evidence_mismatch_emits_request_binding_mismatch ... ok
test response_splice_fails_in_integrated_path ... ok

test result: ok. 8 passed; 0 failed; 0 ignored; 0 measured; 0 filtered out; finished in 0.00s

     Running tests/http_profile_vectors_test.rs (target/debug/deps/http_profile_vectors_test-9f2f6e0f29e63a9b)

running 3 tests
test write_http_profile_fixtures ... ignored, golden writer: regenerates the committed http-profile corpus
test frozen_http_profile_corpus_verifies ... ok
test regenerated_fixtures_match_committed_bytes ... ok

test result: ok. 2 passed; 0 failed; 1 ignored; 0 measured; 0 filtered out; finished in 0.03s

     Running tests/mcp_2026_07_28_alignment_test.rs (target/debug/deps/mcp_2026_07_28_alignment_test-4ed212a286f029c6)

running 5 tests
test rejection_code_is_in_neither_mcp_sub_range ... ok
test mrtr_input_required_discriminator_matches_sep_2322 ... ok
test rejection_code_is_outside_the_json_rpc_reserved_range ... ok
test the_core_and_http_profile_codes_are_the_same_integer ... ok
test the_recognized_result_types_are_the_two_the_core_protocol_defines ... ok

test result: ok. 5 passed; 0 failed; 0 ignored; 0 measured; 0 filtered out; finished in 0.00s

     Running tests/method_name_drift_guard_test.rs (target/debug/deps/method_name_drift_guard_test-c1884d6cd9b32773)

running 1 test
test no_banned_method_literal_in_non_test_core_src ... ok

test result: ok. 1 passed; 0 failed; 0 ignored; 0 measured; 0 filtered out; finished in 0.00s

     Running tests/method_transparency_test.rs (target/debug/deps/method_transparency_test-a3ca2875f064ebbe)

running 1 test
test accepted_verdict_is_identical_across_all_methods ... ok

test result: ok. 1 passed; 0 failed; 0 ignored; 0 measured; 0 filtered out; finished in 0.01s

     Running tests/rfc9421_cross_verification_test.rs (target/debug/deps/rfc9421_cross_verification_test-90d465930c4ca231)

running 2 tests
test key_and_signature_agree_byte_for_byte_across_implementations ... ok
test mcp_re_verifier_accepts_an_externally_produced_signature ... ok

test result: ok. 2 passed; 0 failed; 0 ignored; 0 measured; 0 filtered out; finished in 0.00s

     Running tests/rfc9421_security_properties_test.rs (target/debug/deps/rfc9421_security_properties_test-78af41bc1c052290)

running 14 tests
test caller_supplied_proxy_meta_is_not_the_signed_authority ... ok
test mutated_payload_is_rejected ... ok
test unauthorized_key_id_is_rejected ... ok
test expired_request_is_rejected ... ok
test untrusted_signer_key_is_rejected ... ok
test strict_tier_policy_restores_exact_freshness ... ok
test authorization_artifact_binding_is_bound_and_verified ... ok
test future_dated_request_within_the_skew_bound_is_accepted ... ok
test transport_identity_binds_to_the_request_actor ... ok
test wrong_audience_is_rejected ... ok
test request_within_the_skew_bound_is_accepted_but_beyond_it_is_not ... ok
test replayed_request_is_rejected_by_the_replay_tier ... ok
test tampered_request_body_is_rejected ... ok
test response_bound_to_the_wrong_request_is_rejected ... ok

test result: ok. 14 passed; 0 failed; 0 ignored; 0 measured; 0 filtered out; finished in 0.00s

     Running tests/scitt_cross_verification_test.rs (target/debug/deps/scitt_cross_verification_test-fa9edf9e8f034327)

running 4 tests
test the_external_corpus_is_the_expected_shape ... ok
test a_receipt_with_the_draft_era_labels_is_refused ... ok
test externally_built_negatives_are_refused ... ok
test externally_built_receipts_verify_under_the_mcp_re_verifier ... ok

test result: ok. 4 passed; 0 failed; 0 ignored; 0 measured; 0 filtered out; finished in 0.00s

     Running tests/scitt_interop_test.rs (target/debug/deps/scitt_interop_test-35b8e34657a2982c)

running 11 tests
test write_verification_reports ... ignored, golden writer: regenerates the committed verification reports
test the_retained_evidence_reproduces_the_committed_handles ... ok
test the_corpus_records_the_limits_of_the_exchange ... ok
test the_capsule_anchor_corpus_records_the_exchange_and_its_limits ... ok
test the_third_party_receipt_does_not_verify_another_statement ... ok
test the_wrong_leaf_profile_refuses_rather_than_falling_back ... ok
test a_real_transparency_services_receipt_verifies_offline ... ok
test a_third_party_receipt_verifies_offline_under_mcp_re ... ok
test mutations_of_the_third_party_receipt_are_refused ... ok
test a_wrong_pinned_service_key_is_refused ... ok
test the_committed_verification_reports_match_a_fresh_run ... ok

test result: ok. 10 passed; 0 failed; 1 ignored; 0 measured; 0 filtered out; finished in 0.01s

     Running tests/scitt_vectors_test.rs (target/debug/deps/scitt_vectors_test-fd6bde1eae6b3ddf)

running 6 tests
test write_scitt_fixtures ... ignored, golden writer: regenerates the committed scitt corpus
test the_corpus_digest_pins_the_whole_set ... ok
test the_corpus_directory_holds_no_unpinned_vector ... ok
test the_wire_form_is_a_tagged_cose_sign1 ... ok
test every_committed_vector_reaches_its_expected_verdict ... ok
test regenerated_fixtures_match_the_committed_bytes ... ok

test result: ok. 5 passed; 0 failed; 1 ignored; 0 measured; 0 filtered out; finished in 0.01s

     Running tests/security_traceability_guard_test.rs (target/debug/deps/security_traceability_guard_test-e14ed8839b26e5c7)

running 9 tests
test recorded_count_is_derived_not_stale ... ok
test four_server_auth_cases_are_present ... ok
test entry_source_matches_target_package ... ok
test required_gate_guards_are_mapped ... ok
test drift_detector_rejects_renamed_target_and_fn ... ok
test every_section_a_claim_maps_to_a_manifest_entry ... ok
test every_bazel_target_is_declared_in_a_build_file ... ok
test guard_inputs_are_non_empty ... ok
test every_test_fn_appears_in_its_source ... ok

test result: ok. 9 passed; 0 failed; 0 ignored; 0 measured; 0 filtered out; finished in 0.01s

     Running unittests src/lib.rs (target/debug/deps/mcp_re_core-b0108952c05321f7)

running 67 tests
test audit::tests::no_authorization_hash_mismatch_audit_reason ... ok
test audit::tests::rejection_reason_is_exact_wire_code ... ok
test audit::tests::success_events_are_the_two_item_allowlist ... ok
test crypto::tests::ensure_ed25519_alg_rejects_unknown_alg_with_supplied_error ... ok
test crypto::tests::ensure_ed25519_alg_accepts_the_supported_alg ... ok
test crypto::tests::malformed_key_b64url_maps_to_actor_binding_failed ... ok
test crypto::tests::malformed_key_bytes_map_to_actor_binding_failed ... ok
test crypto::tests::malformed_signature_base64_fails ... ok
test encoding::tests::decode_rejects_padding ... ok
test crypto::tests::verification_key_round_trips_bytes_and_b64url ... ok
test encoding::tests::encode_has_no_padding ... ok
test crypto::tests::wrong_length_signature_fails ... ok
test encoding::tests::decode_empty_is_empty ... ok
test encoding::tests::encode_known_answer ... ok
test encoding::tests::decode_rejects_non_alphabet ... ok
test encoding::tests::encode_uses_url_safe_alphabet ... ok
test encoding::tests::round_trip_arbitrary_bytes ... ok
test error::tests::delegation_wire_strings ... ok
test error::all_errors_tests::all_errors_is_exhaustive_and_duplicate_free ... ok
test error::tests::draft02_binding_missing_is_distinct_from_draft01_hash_missing ... ok
test crypto::tests::signature_is_deterministic_for_fixed_seed ... ok
test error::tests::draft02_wire_strings ... ok
test error::tests::errors_compare_by_value ... ok
test error::tests::full_taxonomy_wire_strings ... ok
test error::tests::http_profile_codes_are_distinct_from_the_folds_they_replace ... ok
test error::tests::http_profile_signed_rejection_wire_strings ... ok
test crypto::tests::raw_primitive_verifies_without_any_alg_plumbing ... ok
test error::tests::renamed_and_kept_variants_render_exact_wire_strings ... ok
test crypto::tests::sign_then_verify_round_trip ... ok
test hash::tests::hash_id_has_prefix_and_no_padding ... ok
test crypto::tests::tamper_preimage_fails ... ok
test hash::tests::hash_id_is_deterministic ... ok
test hash::tests::hash_id_known_answer_for_empty_object_bytes ... ok
test hash::tests::parse_rejects_bad_base64 ... ok
test hash::tests::parse_rejects_missing_prefix ... ok
test hash::tests::parse_rejects_wrong_length ... ok
test hash::tests::round_trip_parse ... ok
test ids::tests::frozen_profile_agnostic_constants ... ok
test crypto::tests::wrong_key_fails ... ok
test replay::tests::different_audience_same_nonce_is_fresh ... ok
test replay::tests::different_signer_same_nonce_is_fresh ... ok
test replay::tests::durability_class_defaults_to_single_process_reference ... ok
test replay::tests::first_insert_is_fresh ... ok
test replay::tests::in_memory_cache_never_errors ... ok
test crypto::tests::response_variant_maps_to_response_sig_invalid ... ok
test replay::tests::in_memory_reference_declares_single_process_non_durable ... ok
test replay::tests::operational_failure_maps_to_replay_cache_unavailable ... ok
test replay::tests::prune_after_retain_until_readmits_triple ... ok
test replay::tests::same_triple_again_is_replay ... ok
test replay::tests::the_entry_ceiling_refuses_rather_than_growing_without_bound ... ok
test resolver::tests::error_mapping_is_exact_for_both_outcomes ... ok
test resolver::tests::operational_failure_maps_to_trust_resolver_unavailable ... ok
test time::tests::epoch_zero_parses_to_zero ... ok
test time::tests::fractional_dot_without_digits_is_rejected ... ok
test resolver::tests::insert_then_resolve_returns_matching_key ... ok
test time::tests::fractional_seconds_are_truncated ... ok
test resolver::tests::resolve_unknown_signer_or_key_id_maps_to_actor_binding_failed ... ok
test time::tests::garbage_and_wrong_separators_rejected ... ok
test resolver::tests::revoke_then_resolve_maps_to_actor_binding_failed ... ok
test time::tests::known_2026_epoch ... ok
test resolver::tests::composite_key_is_injective_across_delimiter_containing_pairs ... ok
test time::tests::leap_day_2024_parses ... ok
test time::tests::numeric_offset_rejected ... ok
test time::tests::one_second_past_epoch ... ok
test time::tests::out_of_range_day_and_time_rejected ... ok
test time::tests::out_of_range_month_rejected ... ok
test resolver::tests::rotation_two_key_ids_resolve_to_their_respective_keys ... ok

test result: ok. 67 passed; 0 failed; 0 ignored; 0 measured; 0 filtered out; finished in 0.00s

     Running tests/firewall_test.rs (target/debug/deps/firewall_test-0e536bd5a8c459f7)

running 1 test
test mcp_re_core_stays_pure_no_networking_async_fs_or_upstack_dependencies ... ok

test result: ok. 1 passed; 0 failed; 0 ignored; 0 measured; 0 filtered out; finished in 0.00s

     Running unittests src/lib.rs (target/debug/deps/mcp_re_demo-a77d32ab4c76c3f0)

running 0 tests

test result: ok. 0 passed; 0 failed; 0 ignored; 0 measured; 0 filtered out; finished in 0.00s

     Running tests/demo_fixtures_test.rs (target/debug/deps/demo_fixtures_test-3e65074df9377dd8)

running 5 tests
test trust_json_carries_the_signer_public_key ... ok
test write_files_materializes_every_input_and_cleans_up_on_drop ... ok
test server_leaf_does_not_chain_to_the_client_ca ... ok
test mismatched_client_chains_to_the_same_ca_but_differs_from_signer ... ok
test matching_client_identity_round_trips_and_equals_signer ... ok

test result: ok. 5 passed; 0 failed; 0 ignored; 0 measured; 0 filtered out; finished in 0.00s

     Running unittests src/lib.rs (target/debug/deps/mcp_re_host-4323a1e455038fa3)

running 0 tests

test result: ok. 0 passed; 0 failed; 0 ignored; 0 measured; 0 filtered out; finished in 0.00s

     Running unittests src/lib.rs (target/debug/deps/mcp_re_http_profile-38f89be9a67dbf69)

running 167 tests
test artifact::tests::bearer_token_extraction ... ok
test artifact::tests::dpop_ath_binds_the_access_token ... ok
test artifact::tests::dispatch_matches_the_typed_verifiers ... ok
test artifact::tests::dpop_ath_mismatch_fails_with_artifact_binding_failed ... ok
test artifact::tests::end_to_end_dpop_from_authorization_header ... ok
test artifact::tests::mtls_x5t_binds_the_certificate ... ok
test artifact::tests::rar_binds_the_authorization_details ... ok
test artifact::tests::wrong_artifact_type_fails_closed ... ok
test admission::tests::an_untrusted_issuer_is_rejected ... ok
test block::tests::a_separator_inside_a_field_does_not_collapse_two_audiences ... ok
test block::tests::actor_id_is_deterministic_and_pinned ... ok
test block::tests::actor_id_is_injective_across_colon_boundaries ... ok
test block::tests::artifact_binding_carries_only_digest_and_reference_never_token_bytes ... ok
test block::tests::audience_hash_is_deterministic_and_b64url ... ok
test block::tests::block_round_trips ... ok
test block::tests::empty_artifact_bindings_fails_closed ... ok
test block::tests::foreign_profile_fails_closed ... ok
test block::tests::opaque_binding_with_reference_fields_fails_closed ... ok
test block::tests::continuation_round_trips_and_verifies ... ok
test block::tests::reference_binding_missing_fields_fails_closed ... ok
test block::tests::different_audiences_on_one_endpoint_hash_differently ... ok
test block::tests::separator_cannot_be_forged_across_fields ... ok
test block::tests::splice_across_continuation_boundary_fails ... ok
test block::tests::the_escape_marker_itself_does_not_create_a_collision ... ok
test block::tests::unknown_field_fails_closed ... ok
test block::tests::wrong_continuation_type_is_malformed ... ok
test block::tests::tampered_request_state_breaks_the_digest ... ok
test admission::tests::unreachable_state_fails_closed_by_default ... ok
test admission::tests::a_suspended_assertion_never_permits_a_call ... ok
test admission::tests::a_workload_revoked_after_issuance_is_refused ... ok
test admission::tests::a_binding_committing_to_the_wrong_state_is_rejected ... ok
test body::tests::absent_block_is_missing_evidence ... ok
test admission::tests::a_current_admitted_workload_passes ... ok
test body::tests::an_integer_the_round_trip_would_alter_is_refused_not_rewritten ... ok
test body::tests::foreign_field_fails_closed ... ok
test body::tests::a_duplicate_member_name_is_refused_and_lookalikes_are_not ... ok
test body::tests::insert_preserves_existing_meta_entries ... ok
test body::tests::insert_then_extract_roundtrips ... ok
test body::tests::non_object_body_fails_closed ... ok
test context::tests::a_meta_containing_only_proxy_keys_is_removed_entirely ... ok
test context::tests::strip_is_noop_without_meta ... ok
test context::tests::strip_removes_proxy_keys_and_preserves_application_meta ... ok
test body::tests::representable_numbers_still_compose ... ok
test admission::tests::degraded_mode_serves_within_p_but_not_beyond ... ok
test custody::tests::signing_never_touches_the_root_within_a_key_life ... ok
test admission::tests::a_stale_generation_is_rejected_even_though_the_assertion_is_valid ... ok
test custody::tests::fail_closed_when_issuance_fails_after_expiry ... ok
test custody::tests::reissue_under_advanced_trust_epoch_mints_a_fresh_key ... ok
test custody::tests::rotation_mints_successor_in_the_overlap_window ... ok
test custody::tests::the_signature_expiry_never_outlives_the_credential ... ok
test custody::tests::two_replicas_never_mint_the_same_credential_id ... ok
test delegation::tests::cnf_kid_not_delegated_kid_is_credential_invalid ... ok
test delegation::tests::not_three_segments_is_credential_invalid ... ok
test delegation::tests::bad_root_signature_is_credential_invalid ... ok
test delegation::tests::negative_configured_skew_is_treated_as_zero ... ok
test custody::tests::continuous_availability_across_rotations ... ok
test delegation::tests::seam_propagates_a_backend_failure ... ok
test delegation::tests::revoked_by_jti_is_revoked ... ok
test custody::tests::successive_issuances_in_one_process_have_distinct_credential_ids ... ok
test delegation::tests::configured_skew_above_the_hard_cap_does_not_widen_the_credential_window ... ok
test delegation::tests::bounded_rollout_window_accepts_previous_epoch ... ok
test delegation::tests::seam_minted_credential_verifies_to_the_root ... ok
test delegation::tests::unknown_issuer_is_untrusted ... ok
test delegation::tests::revoked_delegated_or_issuer_is_revoked ... ok
test delegation::tests::seam_rejects_a_non_64_byte_signature ... ok
test delegation::tests::wrong_alg_is_credential_invalid ... ok
test digest::tests::sha256_member_absent_from_present_header_is_malformed ... ok
test digest::tests::digest_round_trip ... ok
test digest::tests::tampered_body_fails_closed ... ok
test delegation::tests::signer_seam_is_wire_identical_to_the_in_process_path ... ok
test error::tests::every_wire_code_is_a_frozen_core_token ... ok
test error::tests::failure_classes_map_to_their_precise_codes ... ok
test evidence::tests::different_base_different_handle ... ok
test evidence::tests::handle_is_not_a_bare_digest_of_the_base ... ok
test evidence::tests::handle_is_split_form_and_deterministic ... ok
test evidence::tests::label_and_input_cannot_be_confused ... ok
test evidence::tests::roles_are_domain_separated_over_identical_bytes ... ok
test keyid::tests::canonical_form_is_lexicographic_and_unspaced ... ok
test keyid::tests::rfc8037_a3_known_answer ... ok
test keyid::tests::thumbprint_is_deterministic_and_key_bound ... ok
test mcp_transport::tests::a_conforming_request_passes ... ok
test mcp_transport::tests::an_unsupported_version_is_rejected ... ok
test mcp_transport::tests::a_missing_required_header_is_rejected ... ok
test mcp_transport::tests::header_body_version_divergence_is_rejected ... ok
test mcp_transport::tests::legacy_omission_waives_absence_but_never_agreement ... ok
test delegation::tests::wrong_audience_hash_or_server_signer_is_audience_mismatch ... ok
test delegation::tests::stale_trust_epoch_is_rejected_without_revocation ... ok
test mcp_transport::tests::mcp_name_required_and_must_agree ... ok
test delegation::tests::expired_and_not_yet_valid ... ok
test policy::tests::an_algorithm_without_a_verifier_cannot_be_allowlisted ... ok
test delegation::tests::verifier_not_in_aud_is_audience_mismatch ... ok
test mcp_transport::tests::resources_read_binds_mcp_name_to_params_uri ... ok
test policy::tests::default_is_ed25519_only_with_bounded_skew ... ok
test policy::tests::out_of_bounds_configuration_fails_closed ... ok
test policy::tests::signature_validity_ceiling_defaults_and_validates ... ok
test delegation::tests::wrong_typ_is_credential_invalid ... ok
test policy::tests::the_registry_maps_tokens_to_implemented_verifiers ... ok
test delegation::tests::wrong_profile_is_profile_mismatch ... ok
test rejection::tests::an_ordinary_rejection_body_gains_no_new_fields ... ok
test rejection::tests::the_indeterminate_rejection_states_that_a_retry_is_unsafe ... ok
test rejection::tests::unsigned_rejection_is_untrusted ... ok
test delegation::tests::valid_credential_accepts_and_yields_delegated_key ... ok
test replay::tests::composite_slots_are_injective ... ok
test delegation::tests::wrong_key_use_is_key_use_invalid ... ok
test replay::tests::core_replay_key_carries_the_same_injective_slots ... ok
test replay::tests::every_component_discriminates ... ok
test replay::tests::first_insert_is_fresh_replay_is_detected ... ok
test result_class::tests::a_body_with_no_result_member_is_terminal ... ok
test result_class::tests::a_non_string_result_type_is_unrecognized ... ok
test result_class::tests::a_near_miss_discriminator_is_refused_not_read_as_terminal ... ok
test result_class::tests::a_terminal_reply_has_no_continuation_state ... ok
test result_class::tests::an_input_required_reply_yields_its_state ... ok
test result_class::tests::an_unadvertised_extension_result_type_is_unrecognized ... ok
test result_class::tests::an_unparseable_body_is_refused_not_read_as_terminal ... ok
test result_class::tests::input_required_without_a_usable_state_is_refused_not_read_as_terminal ... ok
test rejection::tests::tampered_message_does_not_change_the_trusted_wire_code ... ok
test result_class::tests::is_input_required_is_false_for_unrecognized_but_that_is_not_terminal ... ok
test result_class::tests::the_recognized_set_is_complete_input_required_and_absent ... ok
test rejection::tests::wire_code_is_read_only_after_signature_verifies ... ok
test scitt::tests::a_malformed_pin_yields_no_key ... ok
test scitt::tests::a_record_with_no_verified_hop_has_no_identity ... ok
test scitt::tests::a_right_edge_restatement_is_indistinguishable_and_still_verifies ... ok
test rejection::tests::bound_rejection_verifies_and_exposes_the_wire_code ... ok
test rejection::tests::spliced_rejection_onto_a_different_request_fails ... ok
test rejection::tests::unbound_rejection_verifies_without_request_context ... ok
test scitt::tests::absent_bindings_do_not_satisfy_a_commitment_that_names_them ... ok
test scitt::tests::a_truncated_chain_is_refused_even_though_hop_zero_matches ... ok
test scitt::tests::an_empty_inclusion_path_is_only_valid_for_a_single_leaf_tree ... ok
test scitt::tests::a_leaf_index_outside_the_tree_is_refused ... ok
test scitt::tests::a_forged_inclusion_path_fails ... ok
test scitt::tests::a_tampered_statement_fails_the_receipt ... ok
test scitt::tests::a_receipt_carries_the_rfc9942_header_labels_and_nesting ... ok
test scitt::tests::an_unknown_critical_header_is_refused ... ok
test scitt::tests::a_verified_receipt_does_not_imply_the_evidence_is_retained ... ok
test scitt::tests::an_untrusted_issuer_or_ts_is_rejected ... ok
test scitt::tests::editing_a_decoded_view_does_not_change_what_was_signed ... ok
test scitt::tests::an_incomplete_chain_record_is_distinguishable_in_the_receipt ... ok
test scitt::tests::restating_the_log_position_at_a_different_path_length_does_not_verify ... ok
test scitt::tests::retained_evidence_cannot_be_bound_to_a_record_with_no_verified_hop ... ok
test scitt::tests::retained_evidence_reproduces_the_commitment ... ok
test scitt::tests::the_rfc9942_figure_6_shape_parses_in_both_attached_and_detached_form ... ok
test scitt::tests::the_tree_hash_is_the_rfc_9162_split_not_a_duplicated_last_node ... ok
test scitt::tests::the_two_evidence_roles_are_not_interchangeable ... ok
test sigbase::tests::crlf_in_a_derived_component_fails_closed ... ok
test sigbase::tests::crlf_in_a_field_value_fails_closed ... ok
test scitt::tests::one_calls_evidence_registers_and_the_receipt_verifies_offline ... ok
test sigbase::tests::a_nonce_the_profile_cannot_carry_is_never_emitted ... ok
test scitt::tests::every_leaf_of_a_three_leaf_log_verifies ... ok
test sigbase::tests::derived_components_resolve ... ok
test sigbase::tests::duplicated_covered_field_fails_closed ... ok
test sigbase::tests::method_case_is_carried_verbatim_into_the_base ... ok
test sigbase::tests::missing_covered_field_fails_closed ... ok
test sigbase::tests::req_component_on_request_fails_closed ... ok
test scitt::tests::a_malformed_p256_key_is_refused_at_construction ... ok
test verify::wire_form_tests::a_space_inside_a_quoted_parameter_value_is_kept ... ok
test verify::wire_form_tests::alternate_signature_input_spellings_are_refused_not_normalised ... ok
test verify::wire_form_tests::dictionary_member_spacing_is_refused_not_normalised ... ok
test verify::wire_form_tests::negative_zero_is_not_an_sf_integer ... ok
test scitt::tests::a_receipt_restated_at_another_position_is_refused_only_when_the_position_is_bound ... ok
test scitt::tests::inclusion_holds_across_many_registered_statements ... ok
test scitt::tests::a_der_encoded_es256_signature_is_refused ... ok
test scitt::tests::an_unsupported_algorithm_is_refused ... ok
test scitt::tests::a_bound_service_refuses_a_receipt_that_carries_no_position_commitment ... ok
test scitt::tests::an_algorithm_that_disagrees_with_the_resolved_key_is_refused ... ok
test scitt::tests::a_pinned_es256_key_verifies_a_receipt ... ok
test scitt::tests::an_es256_receipt_from_a_foreign_service_verifies ... ok
test scitt::tests::the_tree_size_determines_the_leaf_index_within_every_ambiguity_class ... ok

test result: ok. 167 passed; 0 failed; 0 ignored; 0 measured; 0 filtered out; finished in 0.02s

     Running tests/admission_binding_test.rs (target/debug/deps/admission_binding_test-44aed816e7fcc431)

running 4 tests
test tampering_the_admission_binding_breaks_the_signature ... ok
test no_binding_verifies_when_admission_is_not_enforced ... ok
test a_bound_current_admitted_call_passes ... ok
test a_bound_but_stale_generation_is_refused ... ok

test result: ok. 4 passed; 0 failed; 0 ignored; 0 measured; 0 filtered out; finished in 0.00s

     Running tests/algorithm_confusion_test.rs (target/debug/deps/algorithm_confusion_test-5a15bcf7e5f8c4c6)

running 4 tests
test only_implemented_algorithms_resolve ... ok
test a_policy_enabling_algorithm_confusion_cannot_be_constructed ... ok
test an_ed25519_signature_declaring_ml_dsa_is_rejected ... ok
test the_same_signature_declaring_ed25519_verifies ... ok

test result: ok. 4 passed; 0 failed; 0 ignored; 0 measured; 0 filtered out; finished in 0.00s

     Running tests/binding_identifier_test.rs (target/debug/deps/binding_identifier_test-77a5fdbdbf51e33a)

running 4 tests
test reference_binding_missing_its_reference_fields_is_malformed ... ok
test opaque_binding_carrying_reference_fields_is_malformed ... ok
test unknown_binding_type_fails_closed ... ok
test unknown_artifact_type_fails_closed ... ok

test result: ok. 4 passed; 0 failed; 0 ignored; 0 measured; 0 filtered out; finished in 0.00s

     Running tests/bodyless_202_test.rs (target/debug/deps/bodyless_202_test-9b71d412776b2662)

running 19 tests
test content_type_on_a_bodyless_request_is_rejected ... ok
test an_uncovered_authorization_header_on_a_bodyless_request_is_rejected ... ok
test a_202_signed_by_a_request_key_fails_the_response_slot ... ok
test a_forged_request_evidence_header_is_refused ... ok
test a_bodyless_response_that_is_not_202_is_rejected ... ok
test content_injected_into_a_signed_202_is_caught ... ok
test bodyless_get_request_round_trips ... ok
test bodyless_request_round_trips ... ok
test content_type_on_a_bodyless_202_is_rejected ... ok
test a_bodyless_request_covers_a_present_authorization_header ... ok
test the_bodied_request_set_still_requires_content_type ... ok
test a_202_without_its_req_binding_is_rejected ... ok
test a_missing_request_evidence_header_is_refused ... ok
test swapping_a_covered_bearer_token_on_a_bodyless_request_is_caught ... ok
test the_bodyless_signer_covers_every_conditionally_mandatory_header ... ok
test signed_202_verifies_against_its_notification ... ok
test uncovered_dpop_and_mcp_transport_headers_on_a_bodyless_request_are_rejected ... ok
test an_acknowledgement_binds_to_one_transmission_not_to_content ... ok
test a_configured_transport_contract_is_refused_rather_than_ignored ... ok

test result: ok. 19 passed; 0 failed; 0 ignored; 0 measured; 0 filtered out; finished in 0.00s

     Running tests/chain_reconstruction_test.rs (target/debug/deps/chain_reconstruction_test-bb025e9b714e7c81)

running 31 tests
test a_degenerate_window_is_still_refused_in_an_aged_record ... ok
test a_hop_with_no_evidence_block_is_not_a_verified_hop ... ok
test a_hop_whose_audience_is_not_the_verifiers_own_breaks_the_chain ... ok
test a_hop_whose_block_names_another_target_is_not_a_verified_hop ... ok
test an_honest_block_still_reconstructs_complete ... ok
test empty_chain_is_incomplete ... ok
test a_binding_with_no_obtainable_credential_breaks_the_chain ... ok
test an_over_wide_window_is_still_refused_in_an_aged_record ... ok
test an_unrecognized_result_type_mid_chain_is_named_for_what_it_is ... ok
test chain_ending_non_terminally_is_incomplete ... ok
test an_unrecognized_result_type_makes_the_record_incomplete_at_that_hop ... ok
test handles_swapped_between_roles_do_not_relink ... ok
test an_aged_multi_hop_record_still_reconstructs_complete ... ok
test a_truncated_chain_cannot_be_relabelled_complete ... ok
test continuation_from_another_chain_is_incomplete ... ok
test later_hop_without_a_continuation_is_incomplete ... ok
test front_truncated_chain_is_incomplete_not_a_complete_record ... ok
test a_hop_created_after_the_audit_instant_is_refused ... ok
test single_terminal_hop_reconstructs_complete ... ok
test an_opening_hop_without_a_continuation_still_opens_a_complete_record ... ok
test complete_chain_reports_every_hops_evidence ... ok
test the_audit_ceiling_tolerates_the_configured_skew ... ok
test two_records_that_verified_nothing_are_still_distinguishable ... ok
test the_aged_chains_hops_really_are_out_of_window_at_audit_time ... ok
test the_submitted_identity_is_a_function_of_the_bytes_alone ... ok
test terminal_before_the_end_is_incomplete ... ok
test multi_hop_chain_reconstructs_complete ... ok
test per_hop_validity_does_not_imply_a_complete_chain ... ok
test tampered_hop_is_named_by_index ... ok
test missing_middle_hop_is_incomplete_not_a_complete_terminal ... ok
test terminality_is_derived_from_protected_content ... ok

test result: ok. 31 passed; 0 failed; 0 ignored; 0 measured; 0 filtered out; finished in 0.02s

     Running tests/delegated_202_test.rs (target/debug/deps/delegated_202_test-6fd00248f52e46e7)

running 9 tests
test a_credential_header_not_covered_is_rejected ... ok
test a_duplicated_credential_header_is_rejected ... ok
test a_missing_credential_header_is_rejected ... ok
test an_oversized_credential_header_is_rejected ... ok
test a_revoked_delegated_key_is_rejected ... ok
test a_stale_trust_epoch_is_rejected ... ok
test a_delegated_202_verifies_via_the_credential_chain ... ok
test a_delegated_202_refuses_a_content_distinct_notification ... ok
test a_delegated_202_refuses_a_retransmission_of_the_same_notification ... ok

test result: ok. 9 passed; 0 failed; 0 ignored; 0 measured; 0 filtered out; finished in 0.00s

     Running tests/delegation_e2e_test.rs (target/debug/deps/delegation_e2e_test-b32e655514f0a4c7)

running 8 tests
test direct_root_signed_response_is_rejected_credential_missing ... ok
test body_tamper_is_caught_by_content_digest ... ok
test stale_epoch_rejected_end_to_end ... ok
test response_keyid_not_delegated_kid_is_key_mismatch ... ok
test revoked_delegated_key_rejected_end_to_end ... ok
test response_signed_by_key_other_than_cnf_is_key_mismatch ... ok
test custody_signed_response_verifies_via_attestation_chain ... ok
test valid_delegated_response_verifies_under_cnf_key ... ok

test result: ok. 8 passed; 0 failed; 0 ignored; 0 measured; 0 filtered out; finished in 0.00s

     Running tests/dispatch_test.rs (target/debug/deps/dispatch_test-fa494cd7b9406ddd)

running 11 tests
test duplicate_nonce_same_actor_audience_profile_is_replay ... ok
test continuation_changed_request_state_fails ... ok
test continuation_wrong_input_required_response_evidence_fails ... ok
test continuation_round_trips_through_dispatch ... ok
test fleet_strict_admits_durable_cache ... ok
test failed_continuation_does_not_burn_the_nonce ... ok
test continuation_without_retained_context_fails_closed ... ok
test continuation_wrong_previous_request_evidence_fails ... ok
test fleet_strict_rejects_single_process_reference_cache ... ok
test same_nonce_different_audience_does_not_collide ... ok
test same_nonce_different_resolved_actor_does_not_collide ... ok

test result: ok. 11 passed; 0 failed; 0 ignored; 0 measured; 0 filtered out; finished in 0.00s

     Running tests/full_profile_test.rs (target/debug/deps/full_profile_test-77fdc5a5e92efb9e)

running 10 tests
test missing_request_block_fails_in_full_profile ... ok
test audience_mismatch_fails ... ok
test unverifiable_binding_without_material_fails_closed ... ok
test wrong_profile_in_block_fails ... ok
test full_request_roundtrip_exposes_audience_and_block ... ok
test caller_supplied_material_verifies_non_header_binding ... ok
test artifact_binding_mismatch_fails ... ok
test full_response_roundtrip_binds_request_evidence ... ok
test response_request_evidence_mismatch_emits_request_binding_mismatch ... ok
test cryptographic_req_splice_still_fails_at_the_floor ... ok

test result: ok. 10 passed; 0 failed; 0 ignored; 0 measured; 0 filtered out; finished in 0.00s

     Running tests/json_mode_test.rs (target/debug/deps/json_mode_test-59080c98b442ce5a)

running 7 tests
test json_structured_suffix_types_are_not_json_mode ... ok
test sse_request_on_a_covered_exchange_is_rejected ... ok
test sse_response_on_a_covered_exchange_is_rejected ... ok
test media_type_comparison_is_case_insensitive ... ok
test json_with_parameters_is_still_json_mode ... ok
test other_non_json_media_types_are_rejected_too ... ok
test the_rejected_sse_response_was_genuinely_signed ... ok

test result: ok. 7 passed; 0 failed; 0 ignored; 0 measured; 0 filtered out; finished in 0.00s

     Running tests/mcp_transport_headers_test.rs (target/debug/deps/mcp_transport_headers_test-b650107b0d957267)

running 17 tests
test absent_headers_are_not_covered_and_still_verify ... ok
test a_required_header_absent_is_rejected_through_verify ... ok
test mcp_session_id_is_not_a_coverable_component ... ok
test header_body_method_divergence_is_rejected ... ok
test an_mcp_method_header_with_no_body_method_is_rejected ... ok
test an_unsupported_protocol_version_is_rejected_through_verify ... ok
test legacy_omission_serves_bare_client_but_rejects_a_lie_through_verify ... ok
test a_result_shaped_body_without_the_header_verifies ... ok
test conforming_2026_request_verifies_under_the_transport_contract ... ok
test present_but_uncovered_mcp_method_is_rejected ... ok
test mcp_transport_headers_are_covered_when_present ... ok
test absent_headers_verify_when_no_transport_policy_is_attached ... ok
test present_but_uncovered_mcp_name_is_rejected ... ok
test the_component_allowlist_is_still_closed ... ok
test mcp_name_body_divergence_is_rejected_through_verify ... ok
test the_divergent_request_is_otherwise_valid ... ok
test protocol_version_header_body_divergence_is_rejected_through_verify ... ok

test result: ok. 17 passed; 0 failed; 0 ignored; 0 measured; 0 filtered out; finished in 0.00s

     Running tests/proof_path_test.rs (target/debug/deps/proof_path_test-a820c888e08f1cec)

running 23 tests
test duplicate_authorization_fails_closed ... ok
test body_tamper_fails_closed ... ok
test foreign_tag_fails_closed ... ok
test missing_covered_component_fails_closed ... ok
test degenerate_window_fails_closed_regardless_of_skew ... ok
test content_encoding_fails_closed ... ok
test request_signed_by_response_only_actor_fails_actor_binding ... ok
test unsigned_request_fails_closed ... ok
test resolver_returning_wrong_slot_is_rejected ... ok
test same_keyid_different_slots_do_not_collapse_actor_id ... ok
test response_signed_by_request_only_actor_fails_actor_binding ... ok
test keyid_swap_to_another_trusted_key_fails_the_signature ... ok
test request_roundtrip_verifies_and_yields_split_form_evidence ... ok
test stale_window_fails_closed ... ok
test wrong_content_digest_fails_closed ... ok
test wrong_keyid_fails_closed ... ok
test authorization_header_is_covered_when_present ... ok
test response_roundtrip_bound_to_request_verifies ... ok
test signer_and_verifier_derive_the_same_evidence_handle ... ok
test verified_request_exposes_resolved_actor_identity ... ok
test verified_response_exposes_resolved_server_actor ... ok
test response_splice_fails_closed ... ok
test the_surviving_freshness_gate_is_strict_where_the_deleted_one_was_not ... ok

test result: ok. 23 passed; 0 failed; 0 ignored; 0 measured; 0 filtered out; finished in 0.00s

     Running tests/rfc9421_kat.rs (target/debug/deps/rfc9421_kat-8f434ebba390324a)

running 5 tests
test signature_base_matches_rfc9421_b26_byte_for_byte ... ok
test private_key_derives_the_rfc_public_key ... ok
test signing_the_base_reproduces_the_rfc_signature ... ok
test tampered_rfc_base_fails_verification ... ok
test rfc_signature_verifies_under_the_rfc_public_key ... ok

test result: ok. 5 passed; 0 failed; 0 ignored; 0 measured; 0 filtered out; finished in 0.00s

     Running tests/signer_seam_test.rs (target/debug/deps/signer_seam_test-9ac0f77289df7f9b)

running 6 tests
test external_signer_error_propagates ... ok
test external_signer_wrong_length_fails_closed ... ok
test external_signer_is_byte_identical_to_local_key ... ok
test external_signer_wrong_key_does_not_verify ... ok
test external_signer_request_verifies ... ok
test external_signer_response_verifies ... ok

test result: ok. 6 passed; 0 failed; 0 ignored; 0 measured; 0 filtered out; finished in 0.00s

     Running tests/structured_fields_strictness_test.rs (target/debug/deps/structured_fields_strictness_test-72c1d104283a98fa)

running 16 tests
test closed_component_set_rejects_a_foreign_component ... ok
test a_duplicated_covered_component_fails_closed ... ok
test duplicated_parameter_fails_closed ... ok
test a_string_parameter_that_rfc_8941_cannot_carry_is_never_signed ... ok
test closed_parameter_set_rejects_a_foreign_parameter ... ok
test foreign_tag_fails_closed ... ok
test an_escaped_quote_in_a_neighbouring_member_does_not_merge_it ... ok
test canonical_order_still_verifies ... ok
test a_semicolon_inside_a_quoted_value_does_not_split_parameters ... ok
test a_decoy_signature_member_does_not_merge_into_this_profiles_member ... ok
test parameter_reordering_fails_closed ... ok
test req_component_on_a_request_fails_closed ... ok
test component_reordering_changes_the_base_and_fails ... ok
test non_canonical_integer_parameter_forms_fail_closed ... ok
test a_string_parameter_carrying_an_escape_fails_closed_on_verify ... ok
test ordinary_string_parameters_still_sign_and_verify ... ok

test result: ok. 16 passed; 0 failed; 0 ignored; 0 measured; 0 filtered out; finished in 0.00s

     Running unittests src/lib.rs (target/debug/deps/mcp_re_policy-b5105a1882690108)

running 16 tests
test block::tests::bad_base64_artifact_is_malformed_on_decode ... ok
test block::tests::absent_block_is_block_missing ... ok
test block::tests::extracts_a_well_formed_block_and_decodes_the_artifact ... ok
test block::tests::meta_key_is_namespaced_under_the_extension_id ... ok
test block::tests::no_params_or_meta_is_block_missing ... ok
test decision::tests::allow_is_allowed_and_has_no_denial ... ok
test block::tests::misshapen_block_is_malformed ... ok
test decision::tests::deny_carries_the_reason ... ok
test error::tests::errors_compare_by_value ... ok
test error::tests::every_variant_renders_its_exact_wire_token ... ok
test error::tests::revoked_and_unavailable_are_distinct_tokens ... ok
test revocation::tests::empty_source_revokes_nothing ... ok
test revocation::tests::in_memory_source_is_always_available ... ok
test revocation::tests::revoked_id_is_reported_revoked ... ok
test revocation::tests::unavailable_carries_details_for_diagnostics ... ok
test wire::tests::renders_the_authorization_error_envelope ... ok

test result: ok. 16 passed; 0 failed; 0 ignored; 0 measured; 0 filtered out; finished in 0.00s

     Running unittests src/lib.rs (target/debug/deps/mcp_re_proxy-6ea1f417d2073c5f)

running 485 tests
test admission_source::tests::a_key_is_readable_by_an_operator ... ok
test app::key_file_perm_tests::an_absent_key_file_is_not_an_error ... ok
test admission_source::tests::an_outage_is_distinguishable_from_an_unknown_workload ... ok
test admission_source::tests::an_unknown_workload_is_a_definitive_negative_not_an_outage ... ok
test admission_source::tests::revoking_keeps_the_generation_and_changes_the_status ... ok
test app::rotation_progress_tests::nothing_published_is_not_progress ... ok
test app::key_file_perm_tests::a_delegated_tls_key_contributes_no_file_to_check ... ok
test app::key_file_perm_tests::the_pkcs11_pin_file_is_permission_checked ... ok
test app::key_file_perm_tests::the_tls_key_is_checked_under_every_custody_mode ... ok
test app::rotation_progress_tests::a_new_kid_is_progress ... ok
test app::store_cadence_tests::a_configured_cadence_is_named_on_the_tier_line ... ok
test app::rotation_progress_tests::unchanged_kid_inside_the_overlap_window_is_not_progress ... ok
test app::store_cadence_tests::a_push_tier_without_a_source_reports_the_fallback_only ... ok
test app::store_cadence_tests::a_tier_with_no_reload_cadence_says_the_store_cannot_change ... ok
test app::rotation_progress_tests::unchanged_kid_outside_the_overlap_window_is_not_a_failure ... ok
test app::store_cadence_tests::every_tier_names_the_reload_floor_under_its_number ... ok
test app::store_cadence_tests::the_push_tier_bound_states_the_poll_interval_not_the_next_request ... ok
test app::trust_epoch_watch_tests::a_regressed_counter_is_refused_not_rebased ... ok
test app::trust_epoch_watch_tests::all_replicas_agree_regardless_of_start_time ... ok
test app::trust_epoch_watch_tests::an_increment_survives_a_replica_restart ... ok
test app::trust_epoch_watch_tests::an_outage_yields_no_label_so_minting_stops ... ok
test app::store_cadence_tests::a_frozen_store_stops_answering_instead_of_serving_the_revoked_key ... ok
test app::trust_epoch_watch_tests::full_sequence_increment_outage_restart_reconnect_continued_issuance ... ok
test app::trust_epoch_watch_tests::label_is_always_base_hash_counter_never_the_bare_base ... ok
test app::key_file_perm_tests::a_group_readable_key_file_owned_by_our_group_is_accepted_with_the_opt_in ... ok
test app::trust_epoch_watch_tests::reconnect_after_an_outage_resumes_and_sees_missed_increments ... ok
test app::key_file_perm_tests::group_write_is_refused_even_with_the_opt_in ... ok
test app::key_file_perm_tests::a_world_readable_key_file_is_refused ... ok
test async_inner::tests::a_string_id_survives_as_a_string ... ok
test async_inner::tests::a_hostile_id_cannot_break_out_of_the_document ... ok
test app::key_file_perm_tests::an_owner_only_key_file_is_accepted ... ok
test async_inner::tests::an_absent_or_unreadable_id_becomes_null ... ok
test async_inner::tests::the_synthesized_error_carries_the_requests_id ... ok
test app::key_file_perm_tests::a_group_readable_key_file_is_refused_without_the_opt_in ... ok
test async_replay::tests::no_number_of_actors_can_spend_the_reserve ... ok
test async_replay::tests::the_budget_reserves_headroom_and_splits_evenly ... ok
test async_serve::admission_bound_tests::the_core_budget_admits_a_maximum_size_body_and_refuses_past_the_ceiling ... ok
test async_serve::admission_bound_tests::an_abandoned_body_read_returns_its_charge ... ok
test async_serve::admission_bound_tests::absorbing_a_frame_does_not_release_its_bytes_twice ... ok
test async_serve::admission_bound_tests::the_handshake_bound_leaves_workers_for_the_rest_of_the_core ... ok
test async_serve::target_uri_tests::a_different_received_path_is_refused ... ok
test async_serve::target_uri_tests::a_matching_origin_form_is_consistent ... ok
test async_serve::target_uri_tests::a_different_query_is_refused ... ok
test async_replay::tests::l1_fast_reject_never_fresh_and_evicts_fifo ... ok
test async_replay::tests::a_replay_hands_the_charge_back ... ok
test async_replay::tests::the_async_store_refuses_rather_than_growing_past_its_ceiling ... ok
test async_serve::target_uri_tests::a_root_target_matches_a_root_request ... ok
test async_serve::target_uri_tests::an_empty_configured_target_is_not_checked_here ... ok
test async_replay::tests::in_memory_store_is_fresh_then_replay_and_single_process ... ok
test async_serve::target_uri_tests::the_configured_authority_is_not_compared ... ok
test audit_sink::tests::the_collector_preserves_emission_order ... ok
test audit_sink::tests::the_no_audit_sink_records_nothing_and_does_not_panic ... ok
test async_replay::tests::an_already_stale_retain_until_is_refused_pre_store ... ok
test audit_sink::tests::a_full_audit_queue_drops_rather_than_blocking_the_caller ... ok
test cli::tests::a_dangling_admission_setting_is_refused ... ok
test async_replay::tests::one_actor_cannot_spend_the_whole_ceiling_and_deny_another ... ok
test async_replay::tests::the_async_store_evicts_entries_past_their_retain_until ... ok
test cli::tests::a_fleet_wide_target_alone_clears_the_per_core_default ... ok
test async_replay::tests::pruning_releases_the_per_actor_charge ... ok
test async_replay::tests::the_tier_releases_charges_once_their_retention_expires ... ok
test async_replay::tests::the_tier_budgets_a_durable_backend_that_budgets_nothing_itself ... ok
test cli::tests::a_cadence_longer_than_the_declared_window_is_refused ... ok
test cli::tests::a_group_this_process_is_not_in_is_still_refused ... ok
test cli::tests::a_kms_endpoint_with_no_host_is_refused ... ok
test cli::tests::a_loopback_http_kms_endpoint_is_accepted_for_emulators ... ok
test cli::tests::a_non_exporting_custody_does_not_require_a_signing_key_seed ... ok
test cli::tests::a_secret_string_does_not_print_its_value_or_length ... ok
test cli::tests::a_non_http_kms_endpoint_scheme_is_refused ... ok
test cli::tests::a_plaintext_kms_endpoint_to_a_remote_host_is_refused ... ok
test cli::tests::a_supplied_revocation_list_is_refused_because_nothing_consults_it ... ok
test cli::tests::admission_ceilings_are_configurable_and_bounded_by_default ... ok
test cli::tests::a_zero_timeout_is_refused_because_it_disables_the_slow_loris_defense ... ok
test cli::tests::admission_is_off_by_default ... ok
test cli::tests::an_fsgroup_owned_mount_is_accepted_only_with_the_opt_in ... ok
test cli::tests::an_https_kms_endpoint_is_accepted ... ok
test cli::tests::an_unknown_admission_mode_is_refused ... ok
test cli::tests::any_world_bit_is_never_accepted ... ok
test cli::tests::argv_pkcs11_pin_is_refused_with_the_replacement_named ... ok
test cli::tests::attested_ingress_invalid_attestor_key_errors ... ok
test cli::tests::a_group_readable_pin_file_is_refused ... ok
test cli::tests::authz_off_does_not_require_a_revocation_list ... ok
test cli::tests::authz_reference_is_refused ... ok
test cli::tests::aws_kms_requires_region_and_key_id ... ok
test cli::tests::attested_ingress_is_admitted_under_strict ... ok
test cli::tests::aws_kms_tls_key_id_plus_exported_tls_key_fails_closed ... ok
test cli::tests::attested_ingress_rejects_reverse_proxy_header ... ok
test cli::tests::aws_kms_tls_key_id_without_aws_kms_fails_closed ... ok
test cli::tests::aws_kms_use_web_identity_without_aws_kms_fails_closed ... ok
test cli::tests::attested_ingress_flags_dangle_without_binding ... ok
test cli::tests::attested_ingress_without_pinned_mtls_fails_closed ... ok
test cli::tests::aws_kms_web_identity_is_off_by_default_and_on_when_named ... ok
test cli::tests::aws_sts_endpoint_without_web_identity_fails_closed ... ok
test cli::tests::client_ocsp_require_fails_closed_in_every_build ... ok
test cli::tests::attested_ingress_requires_attestor_key_identity_and_audience ... ok
test cli::tests::cores_defaults_to_auto_zero ... ok
test cli::tests::default_build_cpstore_replay_fails_closed ... ok
test cli::tests::cpstore_endpoint_without_linearizable_fails_closed ... ok
test cli::tests::bounded_cache_tier_wrapping_caches_within_t ... ok
test cli::tests::default_build_rejects_aws_kms_key_source ... ok
test cli::tests::default_build_rejects_gcp_kms_key_source ... ok
test cli::tests::build_lb_assertion_binding_wires_keys_and_fails_closed ... ok
test cli::tests::default_build_rejects_pkcs11_key_source ... ok
test cli::tests::default_build_shared_replay_fails_closed ... ok
test cli::tests::default_has_no_crls_and_fails_closed_on_unknown_status ... ok
test cli::tests::default_has_online_ocsp_off_and_hard_fail ... ok
test cli::tests::degraded_mode_requires_a_positive_bound ... ok
test cli::tests::delegated_overlap_not_less_than_ttl_is_rejected ... ok
test cli::tests::delegated_signing_parses_with_defaults ... ok
test cli::tests::empty_client_crl_segment_errors ... ok
test cli::tests::empty_inner_http_url_segment_fails_closed ... ok
test cli::tests::empty_responder_url_errors ... ok
test cli::tests::empty_or_missing_target_uri_is_refused ... ok
test cli::tests::empty_reverse_proxy_header_name_errors ... ok
test cli::tests::empty_revocation_list_segment_is_rejected ... ok
test cli::tests::enforcing_admission_parses_with_an_authority_and_a_source ... ok
test cli::tests::enforcing_admission_without_a_source_is_refused ... ok
test cli::tests::enforcing_admission_without_an_authority_is_refused ... ok
test cli::tests::env_key_source_rejected_in_production_build ... ok
test cli::tests::file_custody_still_requires_a_signing_key_seed ... ok
test cli::tests::file_key_source_is_always_constructible ... ok
test cli::tests::file_replay_requires_path ... ok
test cli::tests::duplicate_ingress_lb_key_id_errors ... ok
test cli::tests::gcp_kms_requires_key_version ... ok
test cli::tests::gcp_kms_tls_key_version_plus_exported_tls_key_fails_closed ... ok
test cli::tests::gcp_kms_tls_key_version_without_gcp_kms_fails_closed ... ok
test cli::tests::group_write_is_never_accepted ... ok
test cli::tests::gcp_use_metadata_only_with_gcp_kms ... ok
test cli::tests::ingress_lb_key_invalid_public_key_errors ... ok
test cli::tests::ingress_lb_key_malformed_value_errors ... ok
test cli::tests::key_file_mode_predicate_flags_group_and_world_bits ... ok
test cli::tests::lb_assertion_binding_requires_at_least_one_key ... ok
test cli::tests::linearizable_tier_with_cpstore_endpoint_parses ... ok
test cli::tests::linearizable_tier_without_cpstore_endpoint_fails_closed ... ok
test cli::tests::live_and_push_tiers_require_a_trust_reload_cadence ... ok
test cli::tests::ingress_lb_key_without_lb_assertion_binding_errors ... ok
test cli::tests::load_revocation_list_missing_file_fails_closed ... ok
test cli::tests::load_trust_rejects_malformed_entries ... ok
test cli::tests::live_tier_wrapping_reflects_a_store_revocation_immediately ... ok
test cli::tests::missing_client_crl_file_fails_closed ... ok
test cli::tests::mcp_protocol_version_is_repeatable_and_absent_by_default ... ok
test cli::tests::max_clock_skew_is_accepted_across_the_whole_bound ... ok
test cli::tests::missing_inner_http_url_fails_closed ... ok
test cli::tests::missing_required_flag_errors ... ok
test cli::tests::missing_trust_epoch_is_rejected ... ok
test cli::tests::no_crl_paths_loads_empty_vec ... ok
test cli::tests::no_reverse_proxy_header_by_default ... ok
test cli::tests::loads_a_trust_file ... ok
test cli::tests::non_numeric_cores_fails_closed ... ok
test cli::tests::out_of_bounds_max_clock_skew_is_refused_at_parse ... ok
test cli::tests::parses_a_minimal_config_with_defaults ... ok
test cli::tests::parses_a_single_client_crl_path ... ok
test cli::tests::parses_aws_kms_key_source_flags ... ok
test cli::tests::parse_rejects_bad_values_and_names_each_missing_required_flag ... ok
test cli::tests::parses_aws_kms_tls_key_id_flag ... ok
test cli::tests::parses_client_ocsp_require_and_knobs ... ok
test cli::tests::parses_client_cert_lifetime_forms ... ok
test cli::tests::parses_comma_separated_client_crls ... ok
test cli::tests::parses_configurable_limits ... ok
test cli::tests::parses_each_revocation_tier ... ok
test cli::tests::parses_explicit_cores ... ok
test cli::tests::parses_gcp_kms_key_source_flags ... ok
test cli::tests::parses_attested_ingress_binding_fully_configured ... ok
test cli::tests::parses_gcp_kms_tls_key_version_flag ... ok
test cli::tests::parses_identity_source_selection ... ok
test cli::tests::parses_pkcs11_key_source_flags ... ok
test cli::tests::parses_repeated_and_comma_separated_inner_http_urls ... ok
test cli::tests::parses_shared_replay_selection ... ok
test cli::tests::parses_wait_quorum_durability_tier ... ok
test cli::tests::pkcs11_tls_label_makes_tls_key_optional ... ok
test cli::tests::pkcs11_tls_label_with_exported_tls_key_is_rejected ... ok
test cli::tests::pkcs11_key_source_requires_each_flag ... ok
test cli::tests::pkcs11_tls_label_without_pkcs11_source_is_rejected ... ok
test cli::tests::pkcs11_without_tls_label_still_requires_tls_key ... ok
test cli::tests::rejects_unknown_durability_tier ... ok
test cli::tests::rejects_unknown_or_malformed_revocation_tier ... ok
test cli::tests::repeated_client_crl_flags_accumulate ... ok
test cli::tests::request_deadline_secs_over_cap_is_rejected ... ok
test cli::tests::responder_url_without_require_errors ... ok
test cli::tests::push_tier_wrapping_behaves_as_bounded_t_with_an_inert_channel ... ok
test cli::tests::reverse_proxy_mode_conflicts_with_local_cert_lifetime ... ok
test cli::tests::revocation_tier_defaults_to_bounded_cache_tier_1 ... ok
test cli::tests::shared_replay_requires_durability_tier ... ok
test cli::tests::shared_replay_requires_url ... ok
test cli::tests::load_revocation_list_with_no_ids_fails_closed ... ok
test cli::tests::single_node_accepts_file_replay_cache ... ok
test cli::tests::strict_accepts_cert_lifetime_at_ceiling ... ok
test cli::tests::load_revocation_list_reads_ids_skipping_blanks_and_comments ... ok
test cli::tests::strict_accepts_cert_lifetime_below_ceiling ... ok
test cli::tests::strict_accepts_file_replay_backend ... ok
test cli::tests::strict_accepts_shared_replay_at_adequate_tier ... ok
test cli::tests::strict_accepts_wait_quorum_replay_durability_tier ... ok
test cli::tests::strict_fleet_accepts_shared_wait_quorum ... ok
test cli::tests::strict_fleet_rejects_file_replay_cache ... ok
test cli::tests::strict_fleet_rejects_memory_replay_cache ... ok
test cli::tests::strict_is_always_on_for_a_safe_config ... ok
test cli::tests::strict_rejects_cn_legacy_identity_source ... ok
test cli::tests::strict_rejects_disabled_cert_lifetime_none ... ok
test cli::tests::strict_rejects_disabled_cert_lifetime_zero ... ok
test cli::tests::strict_rejects_in_memory_replay_default ... ok
test cli::tests::strict_rejects_over_ceiling_cert_lifetime ... ok
test cli::tests::strict_rejects_over_ceiling_lifetime_2h ... ok
test cli::tests::strict_rejects_reverse_proxy_identity_header_ingress ... ok
test cli::tests::strict_rejects_transport_binding_none ... ok
test cli::tests::strict_rejects_weak_replay_durability_tier ... ok
test cli::tests::strict_reports_all_violations_at_once ... ok
test cli::tests::the_audit_sink_defaults_to_on ... ok
test cli::tests::strict_rejects_lb_assertion_binding ... ok
test cli::tests::the_connection_age_bound_is_defaulted_and_zero_is_refused ... ok
test cli::tests::the_default_timeouts_are_bounded_so_the_refusal_never_fires_by_default ... ok
test cli::tests::the_strict_posture_is_unchanged_by_default ... ok
test cli::tests::tls_signing_exclusivity_rejects_both_and_admits_either_or_neither ... ok
test cli::tests::trust_epoch_url_with_push_tier_parses ... ok
test cli::tests::trust_epoch_url_without_push_tier_is_rejected ... ok
test cli::tests::trust_file_with_bad_key_errors ... ok
test cli::tests::unknown_client_ocsp_value_errors ... ok
test cli::tests::unknown_flag_errors ... ok
test cli::tests::trust_file_duplicate_same_key_is_also_rejected ... ok
test cli::tests::unknown_identity_source_errors ... ok
test cli::tests::unknown_key_source_lists_cloud_kms ... ok
test cli::tests::unknown_key_source_lists_pkcs11 ... ok
test cli::tests::unknown_replay_cache_lists_shared ... ok
test cli::tests::unknown_reverse_proxy_header_format_errors ... ok
test cli::tests::unparseable_client_cert_lifetime_errors ... ok
test cli::tests::zero_admission_ceiling_is_refused ... ok
test client_revocation::tests::a_listed_serial_is_revoked_and_an_unlisted_one_is_good ... ok
test cli::tests::trust_file_same_signer_distinct_key_ids_is_fine ... ok
test client_revocation::tests::a_stale_crl_certifies_nothing_but_still_revokes ... ok
test cli::tests::trust_file_with_duplicate_key_id_is_rejected ... ok
test client_revocation::tests::a_zero_padded_serial_still_matches ... ok
test client_revocation::tests::an_empty_index_admits_everything ... ok
test client_revocation::tests::an_uncovered_issuer_is_unknown_and_refused_unless_allowed ... ok
test cli::tests::the_pin_file_reader_trims_a_trailing_newline_and_refuses_an_empty_file ... ok
test client_revocation::tests::the_snapshot_swaps_atomically_and_survives_a_poisoned_lock ... ok
test continuation_store::tests::key_is_stable_and_specific_to_both_inputs ... ok
test continuation_store::tests::the_actor_state_boundary_cannot_be_moved ... ok
test continuation_store::tests::the_key_is_scoped_to_the_audience ... ok
test continuation_store::tests::peek_does_not_consume_and_consume_is_one_shot ... ok
test continuation_store::tests::one_actors_entry_is_not_reachable_by_another ... ok
test config_snapshot::tests::reload_keeps_last_good_on_failure ... ok
test delegated_response_signer::tests::delegated_sign_failure_propagates ... ok
test delegated_server_signer::tests::backoff_is_exponential_then_ceilinged ... ok
test delegated_server_signer::tests::backoff_never_sleeps_past_a_still_valid_key ... ok
test delegated_response_signer::tests::malformed_callback_signature_fails_closed ... ok
test delegated_server_signer::tests::backoff_once_expired_uses_the_ceiling_not_the_negative_ttl ... ok
test delegated_server_signer::tests::metrics_count_success_and_reset_the_failure_streak ... ok
test delegated_server_signer::tests::no_key_before_first_rotate_fails_closed ... ok
test config_snapshot::tests::reload_swaps_on_successful_rebuild ... ok
test config_snapshot::tests::a_handle_taken_before_a_swap_keeps_serving_its_config ... ok
test config_snapshot::tests::load_returns_current_and_store_swaps ... ok
test delegated_server_signer::tests::fail_closed_issuance_retires_the_snapshot ... ok
test delegated_tls::tests::wrong_length_signature_fails_closed ... ok
test delegated_tls::tests::signer_scheme_is_ed25519_and_signature_is_64_bytes ... ok
test delegated_response_signer::tests::signature_not_matching_advertised_key_fails_closed ... ok
test delegated_tls::tests::offers_ed25519_only ... ok
test delegated_server_signer::tests::a_declined_advance_is_reported_as_declined_and_keeps_the_prior_key ... ok
test delegated_server_signer::tests::snapshot_fails_closed_past_expiry ... ok
test delegated_server_signer::tests::seconds_to_expiry_tracks_the_published_key ... ok
test delegated_server_signer::tests::rotate_publishes_a_snapshot_the_hot_path_reads ... ok
test delegated_wiring::tests::builds_and_first_rotate_publishes_a_snapshot ... ok
test durable_replay::tests::declares_durable_class ... ok
test delegated_wiring::tests::failing_root_fails_closed_at_first_issuance ... ok
test delegated_response_signer::tests::delegated_signature_verifies_under_advertised_public_key ... ok
test delegated_server_signer::tests::issuance_failure_serves_the_valid_key_then_fails_closed_at_expiry ... ok
test delegated_tls::tests::handshake_signature_budget_bounds_remote_signer_invocations ... ok
test delegated_wiring::tests::ttl_bounds_the_published_snapshot ... ok
test delegated_server_signer::tests::advance_trust_epoch_republishes_a_fresh_key_under_the_new_epoch ... ok
test durable_replay::tests::persist_failure_is_unavailable_and_rolls_back ... ok
test durable_replay::tests::corrupt_file_fails_closed_on_open ... ok
test delegated_tls::tests::handshake_signature_budget_refills_over_time ... ok
test durable_replay::tests::malformed_entry_fails_closed_on_open ... ok
test http_inner::tests::a_success_resets_the_failure_run ... ok
test http_inner::tests::all_open_selection_returns_none_before_cooldown ... ok
test http_inner::tests::consecutive_failures_trip_open_at_threshold ... ok
test http_inner::tests::failed_probe_reopens_for_another_cooldown ... ok
test http_inner::tests::health_aware_lb_skips_open_backend_and_uses_healthy_one ... ok
test http_inner::tests::healthy_backend_selected_and_closed_stays_closed_on_success ... ok
test http_inner::tests::open_backend_readmitted_as_probe_after_cooldown_then_closes_on_success ... ok
test http_profile_serve::admission_window_tests::a_replica_that_never_reached_the_authority_has_no_window ... ok
test http_profile_serve::admission_window_tests::an_out_of_order_read_does_not_rewind_the_window ... ok
test http_profile_serve::admission_window_tests::the_degraded_window_closes_p_after_the_last_successful_read ... ok
test http_profile_serve::admission_window_tests::without_the_opt_in_there_is_no_window_at_all ... ok
test kms_keysource::tests::kms_signature_verifies_under_mcp_re_core_verifier ... ok
test kms_keysource::tests::mismatched_key_signature_fails_closed_at_the_seam ... ok
test kms_keysource::tests::non_ed25519_public_key_fails_closed ... ok
test async_replay::tests::an_abandoned_insert_does_not_leak_its_charge ... ok
test durable_replay::tests::survives_reopen ... ok
test kms_keysource::tests::tls_delegated_signer_is_none_without_tls_key_some_with ... ok
test kms_keysource::tests::prehash_mode_is_caught_at_the_seam ... ok
test kms_keysource::tests::wrong_length_signature_fails_closed ... ok
test durable_replay::tests::persist_commits_atomically_leaving_no_tmp_sibling ... ok
test live_trust::tests::no_positive_caching_consults_inner_every_call ... ok
test live_trust::tests::revocation_source_outage_fails_closed ... ok
test live_trust::tests::second_revocation_authority_rejects_even_when_key_status_active ... ok
test live_trust::tests::store_outage_fails_closed_never_active ... ok
test live_trust::tests::store_revocation_is_visible_on_the_next_request_with_no_t_wait ... ok
test log_sink::tests::log_event_tags_match_the_brief ... ok
test push_trust::tests::channel_failure_falls_back_to_bounded_t_entry_still_served_until_expiry ... ok
test push_trust::tests::flush_all_evicts_every_cached_binding_forcing_re_resolve ... ok
test durable_replay::tests::leftover_tmp_file_does_not_corrupt_load ... ok
test push_trust::tests::healthy_channel_with_no_pending_events_is_a_normal_cache_hit ... ok
test push_trust::tests::push_for_a_different_key_does_not_evict_the_active_entry ... ok
test push_trust::tests::pushed_invalidation_rejects_the_key_before_t_elapses ... ok
test push_trust::tests::store_outage_past_t_fails_closed_even_under_push_tier ... ok
test durable_replay::tests::first_is_fresh_then_replay ... ok
test replay_tier::tests::a_tier_promising_wait_supplies_wait_params ... ok
test replay_tier::tests::every_tier_has_a_nonempty_guarantee ... ok
test reloading_trust::tests::a_swapped_store_revokes_without_a_restart ... ok
test replay_tier::tests::no_tier_claims_unconditional ... ok
test replay_tier::tests::parse_rejects_unknown_and_malformed ... ok
test reloading_trust::tests::the_shared_handle_observes_the_swap ... ok
test replay_tier::tests::parse_round_trips_the_simple_tiers ... ok
test replay_tier::tests::parse_wait_quorum_extracts_quorum_and_timeout ... ok
test replay_tier::tests::startup_audit_line_carries_backend_tier_and_guarantee_no_nonce ... ok
test replay_tier::tests::strict_production_minimum_is_wait_quorum_or_stronger ... ok
test replay_tier::tests::tier_claim_ceiling_async_is_not_linearizable ... ok
test replay_tier::tests::wait_quorum_params_carry_the_parsed_quorum_and_timeout ... ok
test replay_tier::tests::wire_names_are_the_semantic_adr_names ... ok
test retained_evidence::tests::a_non_token_digest_cannot_escape_the_root ... ok
test durable_replay::tests::expired_entries_evicted_safely_then_nonce_is_fresh ... ok
test retained_evidence::tests::a_created_store_root_is_owner_only ... ok
test retained_evidence::tests::a_missing_object_is_absent_rather_than_an_error ... ok
test retained_evidence::tests::opening_an_unwritable_directory_fails_at_open ... ok
test durable_replay::tests::prune_removes_expired_and_frees_the_nonce ... ok
test retained_evidence::tests::modified_evidence_gets_a_different_digest ... ok
test retained_evidence::tests::bytes_replaced_on_disk_are_refused_not_returned ... ok
test revocation_tier::tests::each_tier_surfaces_its_own_distinct_guarantee ... ok
test revocation_tier::tests::every_tier_has_a_nonempty_guarantee ... ok
test retained_evidence::tests::retained_bytes_come_back_under_their_digest ... ok
test revocation_tier::tests::live_guarantee_is_near_zero_with_hard_availability_dependency ... ok
test revocation_tier::tests::no_tier_claims_a_zero_window_unless_proven ... ok
test retained_evidence::tests::a_truncated_object_is_rewritten_rather_than_reported_as_retained ... ok
test revocation_tier::tests::parse_rejects_unknown_and_malformed ... ok
test revocation_tier::tests::parse_round_trips_each_tier ... ok
test revocation_tier::tests::push_guarantee_is_near_zero_with_bounded_fallback_not_zero_window ... ok
test revocation_tier::tests::wire_names_are_the_semantic_adr_names ... ok
test shared_replay::tests::a_full_store_recovers_once_its_entries_expire ... ok
test revocation_tier::tests::startup_audit_line_carries_backend_tier_and_guarantee_no_key_material ... ok
test shared_replay::tests::already_stale_request_rejected_pre_store_not_recorded_as_fresh ... ok
test shared_replay::tests::ceiling_fails_closed_when_full ... ok
test shared_replay::tests::cross_instance_insert_via_a_is_replay_via_b ... ok
test shared_replay::tests::durability_class_delegates_to_backing_store ... ok
test shared_replay::tests::distinct_tuples_do_not_alias ... ok
test shared_replay::tests::nonpositive_window_is_flagged_stale_pre_store ... ok
test shared_replay::tests::fresh_then_replay_single_instance ... ok
test shared_replay::tests::skew_folded_into_retain_until_matches_in_memory_semantics ... ok
test shared_replay::tests::stale_request_via_shared_cache_fails_closed ... ok
test shared_replay::tests::store_error_converts_to_cache_unavailable ... ok
test shared_replay::tests::store_error_fails_closed_as_unavailable ... ok
test tls::content_length_framing_tests::absent_content_length_is_a_zero_length_body ... ok
test tls::aggregate_deadline_tests::disabled_deadline_does_not_cut_off_a_completing_read ... ok
test retained_evidence::tests::the_writability_probe_leaves_nothing_in_the_store ... ok
test shared_replay::tests::the_inline_sweep_uses_the_same_boundary_as_the_explicit_prune ... ok
test tls::content_length_framing_tests::duplicate_content_length_is_rejected ... ok
test durable_replay::tests::prune_boundary_keeps_entry_at_retain_until_matches_in_memory ... ok
test tls::content_length_framing_tests::duplicate_content_length_same_value_is_still_rejected ... ok
test tls::content_length_framing_tests::negative_content_length_is_rejected ... ok
test retained_evidence::tests::retaining_the_same_bytes_twice_is_idempotent ... ok
test tls::content_length_framing_tests::single_valid_content_length_parses ... ok
test tls::content_length_framing_tests::unparseable_content_length_is_rejected ... ok
test tls::identity_parity_tests::bare_cr_in_header_section_is_rejected ... ok
test retained_evidence::tests::temp_residue_from_an_interrupted_write_does_not_block_a_later_put ... ok
test tls::identity_parity_tests::bare_lf_line_ending_is_rejected ... ok
test tls::identity_parity_tests::obs_fold_continuation_line_is_rejected ... ok
test tls::identity_parity_tests::well_formed_strict_crlf_request_is_accepted ... ok
test tls::lifetime_tests::absent_leaf_is_admitted_only_when_no_ceiling_is_configured ... ok
test tls::lifetime_tests::garbage_bytes_are_none ... ok
test tls::lifetime_tests::absent_leaf_is_rejected_when_a_lifetime_ceiling_is_configured ... ok
test tls::identity_parity_tests::cn_legacy_identity_is_equal_across_direct_tls_and_xfcc ... ok
test tls::identity_parity_tests::explicit_cn_field_still_equals_direct_tls_cn ... ok
test tls::lifetime_tests::routing_header_rejection_fails_closed_on_bad_headers_only ... ok
test tls::lifetime_tests::inverted_validity_window_is_none_and_fails_closed ... ok
test tls::lifetime_tests::a_leaf_past_not_after_is_rejected_however_short_its_span ... ok
test tls::lifetime_tests::normal_validity_window_yields_positive_span ... ok
test tls::lifetime_tests::zero_length_validity_window_is_none_and_fails_closed ... ok
test tls::lifetime_tests::within_limit_leaf_is_admitted_and_over_long_leaf_is_rejected ... ok
test transparency::tests::a_signature_parameter_cannot_widen_the_covered_set ... ok
test retained_evidence::tests::staging_the_same_object_concurrently_leaves_one_object_and_no_residue ... ok
test tls::aggregate_deadline_tests::aggregate_deadline_fires_on_sub_per_read_trickle ... ok
test transparency::tests::a_chain_with_a_missing_hop_is_refused_rather_than_reconstructed ... ok
test transparency::tests::only_the_signed_headers_are_retained ... ok
test transparency::tests::a_retained_exchange_comes_back_byte_identical ... ok
test transport::tests::absent_header_yields_none ... ok
test transparency::tests::an_acknowledged_write_is_already_at_its_final_name ... ok
test transport::tests::asserted_identity_accepts_a_well_formed_value_and_trims ... ok
test transparency::tests::a_record_without_the_schema_token_is_refused ... ok
test transport::tests::asserted_identity_rejects_control_characters ... ok
test transport::tests::asserted_identity_rejects_empty ... ok
test transport::tests::asserted_identity_rejects_oversized ... ok
test durable_replay::tests::ceiling_fails_closed_when_full_of_live_entries ... ok
test transport::tests::duplicate_routing_header_fails_closed ... ok
test transparency::tests::a_reservation_marker_is_durable_before_dispatch_and_cleared_after ... ok
test transport::tests::duplicated_trust_header_yields_none ... ok
test transport::tests::empty_header_yields_none ... ok
test transport::tests::empty_routing_header_fails_closed ... ok
test transport::tests::exact_match_binds_equal_signer_and_identity ... ok
test transport::tests::exact_match_rejects_mismatch_and_absence ... ok
test transport::tests::lb_assertion_guarantee_is_not_end_to_end_mtls ... ok
test transport::tests::lb_assertion_bad_signature_is_rejected ... ok
test transport::tests::lb_assertion_cross_request_is_rejected ... ok
test transport::tests::lb_assertion_bound_to_in_hand_request_is_accepted ... ok
test transport::tests::lb_assertion_implausibly_future_is_rejected ... ok
test transport::tests::lb_assertion_signing_preimage_is_length_prefixed_and_unambiguous ... ok
test transport::tests::lb_assertion_malformed_framing_is_rejected ... ok
test transport::tests::lb_assertion_malformed_identity_shape_is_rejected ... ok
test transport::tests::lb_assertion_unknown_key_id_is_rejected ... ok
test transport::tests::lb_assertion_tampered_identity_breaks_signature ... ok
test transport::tests::lb_assertion_wrong_in_hand_hash_is_rejected ... ok
test transport::tests::lb_assertion_stale_is_rejected ... ok
test transport::tests::malformed_routing_header_fails_closed ... ok
test transport::tests::mapped_binding_honours_the_allow_set ... ok
test transport::tests::mapped_binding_has_no_wildcard_semantics ... ok
test transport::tests::mapped_binding_matches_are_exact_and_case_sensitive ... ok
test transport::tests::plain_header_lookup_is_case_insensitive_and_trims ... ok
test transport::tests::plain_header_yields_identity_with_configured_source ... ok
test transparency::tests::a_full_reservation_queue_is_refused_at_reserve_and_the_slot_returns ... ok
test transport::tests::request_headers_parse_skips_request_line_and_is_case_insensitive ... ok
test transport::tests::reverse_proxy_identity_feeds_the_binding_policy_unchanged ... ok
test transport::tests::reverse_proxy_plain_provider_fails_closed_on_malformed_value ... ok
test transport::tests::routing_headers_absent_pass ... ok
test transport::tests::routing_headers_well_formed_pass ... ok
test transport::tests::static_provider_yields_its_identity_ignoring_request ... ok
test transport::tests::v2_bad_signature_is_rejected ... ok
test transport::tests::v2_audience_mismatch_is_rejected ... ok
test transport::tests::v2_cross_request_is_rejected ... ok
test transport::tests::v2_domain_tag_differs_from_v1_and_preimage_is_disjoint ... ok
test transport::tests::v2_expiry_is_enforced_but_future_expiry_is_accepted ... ok
test transport::tests::v2_guarantee_is_attested_delegation_not_end_to_end ... ok
test transport::tests::v2_malformed_enum_discriminant_is_rejected ... ok
test transport::tests::v2_malformed_framing_is_rejected ... ok
test transparency::tests::retaining_the_same_exchange_twice_yields_one_object ... ok
test transport::tests::v2_signing_preimage_is_length_prefixed_and_unambiguous ... ok
test transport::tests::v2_tampered_field_breaks_signature ... ok
test transport::tests::v2_stale_and_future_are_rejected ... ok
test transport::tests::v2_recorded_facts_admission_fails_closed ... ok
test transport::tests::v2_to_wire_round_trips_through_parse ... ok
test transport::tests::v2_unknown_key_id_is_rejected ... ok
test transport::tests::v2_untrusted_ingress_identity_is_rejected ... ok
test transport::tests::v2_valid_assertion_is_accepted_and_records_facts ... ok
test transport::tests::xfcc_conflicting_entries_yield_none ... ok
test transport::tests::xfcc_control_character_value_yields_none ... ok
test transport::tests::xfcc_dns_field_yields_dns_san ... ok
test transport::tests::xfcc_explicit_cn_field_yields_common_name ... ok
test transparency::tests::completion_is_never_refused_for_capacity ... ok
test transport::tests::xfcc_identity_sourced_only_from_element_carrying_the_field ... ok
test transport::tests::xfcc_missing_selected_field_yields_none ... ok
test transport::tests::xfcc_malformed_value_yields_none ... ok
test transport::tests::xfcc_repeated_identical_field_is_accepted ... ok
test transport::tests::xfcc_oversized_value_yields_none ... ok
test transport::tests::xfcc_subject_cn_invalid_utf8_byte_escape_yields_none ... ok
test transport::tests::xfcc_subject_field_yields_common_name ... ok
test transport::tests::xfcc_subject_cn_is_extracted_regardless_of_attribute_order ... ok
test transport::tests::xfcc_subject_cn_rfc2253_hex_byte_escape_is_decoded ... ok
test transport::tests::xfcc_subject_with_escaped_comma_in_cn_is_extracted ... ok
test transport::tests::xfcc_subject_without_cn_yields_none ... ok
test transport::tests::xfcc_uri_field_yields_uri_san ... ok
test transport::tests::xfcc_unterminated_quote_fails_closed ... ok
test trust_cache::tests::active_hit_within_window_does_not_consult_inner ... ok
test trust_cache::tests::active_re_resolves_after_window ... ok
test trust_cache::tests::compose_key_is_injective_across_delimiter_containing_pairs ... ok
test trust_cache::tests::active_then_source_down_within_window_still_serves_cached ... ok
test trust_cache::tests::evict_drops_an_in_window_entry_forcing_re_resolution ... ok
test trust_cache::tests::no_indefinite_stale_active_past_window_fails_closed ... ok
test trust_cache::tests::expired_entries_are_swept_rather_than_merely_ignored ... ok
test trust_cache::tests::restart_empty_cache_with_source_down_fails_closed ... ok
test trust_cache::tests::past_the_ceiling_the_cache_stops_caching_but_keeps_answering ... ok
test trust_cache::tests::strictest_applicable_t_picks_the_tightest_window ... ok
test trust_cache::tests::t_exceeds_recommended_max_flags_long_windows ... ok
test trust_cache::tests::revoked_is_cached_and_denies ... ok
test trust_cache::tests::prune_evicts_closed_windows ... ok
test trust_cache::tests::not_found_uses_short_ttl_so_a_new_key_propagates ... ok
test trust_cache::tests::unavailable_is_not_cached_and_fails_closed ... ok
test trust_epoch::tests::a_poller_that_never_ran_is_not_healthy ... ok
test trust_epoch::tests::a_poisoned_queue_still_delivers_the_flush ... ok
test trust_epoch::tests::draining_does_not_read_the_store ... ok
test trust_epoch::tests::epoch_advance_emits_a_single_flush_all ... ok
test trust_epoch::tests::first_poll_establishes_baseline_without_flush ... ok
test trust_epoch::tests::recovery_after_outage_catches_an_epoch_that_advanced_during_it ... ok
test trust_epoch::tests::read_error_marks_unhealthy_and_emits_nothing ... ok
test trust_epoch::tests::a_directly_driven_source_is_not_subject_to_the_liveness_bound ... ok
test trust_epoch::tests::a_source_that_stops_being_polled_stops_reporting_healthy ... ok
test durable_replay::tests::persisted_file_is_always_valid_json_after_insert ... ok
test durable_replay::tests::inline_prune_anchors_on_real_clock_not_request_expiry ... ok
test durable_replay::tests::inline_prune_never_evicts_a_live_entry ... ok
test transparency::tests::the_fsync_does_not_run_on_the_runtime_worker ... ok
test durable_replay::tests::streaming_fresh_nonces_prunes_inline_without_explicit_prune ... ok

test result: ok. 485 passed; 0 failed; 0 ignored; 0 measured; 0 filtered out; finished in 5.76s

     Running unittests src/main.rs (target/debug/deps/mcp_re_proxy-182e355a4fea57af)

running 0 tests

test result: ok. 0 passed; 0 failed; 0 ignored; 0 measured; 0 filtered out; finished in 0.00s

     Running tests/admission_currency_serving_test.rs (target/debug/deps/admission_currency_serving_test-48ee717918b82694)

running 13 tests
test a_generation_ahead_of_the_authority_is_refused ... ok
test a_current_admitted_workload_is_served ... ok
test a_revoked_workload_is_refused_though_its_assertion_is_still_valid ... ok
test a_binding_naming_another_workload_does_not_borrow_its_admission ... ok
test a_superseded_generation_is_refused_before_the_backend_runs ... ok
test a_call_without_admission_evidence_is_refused_when_required_and_served_when_optional ... ok
test an_assertion_from_an_untrusted_authority_is_refused ... ok
test an_unknown_workload_is_refused_not_routed_into_degraded_mode ... ok
test a_replica_that_never_reached_the_authority_does_not_enter_degraded_mode ... ok
test an_assertion_issued_to_another_actor_does_not_admit_this_caller ... ok
test an_unreachable_authority_fails_closed_by_default ... ok
test a_revocation_on_the_shared_source_is_honoured_by_a_replica_that_never_saw_the_workload ... ok
test an_unreachable_authority_serves_within_p_and_fails_closed_past_it ... ok

test result: ok. 13 passed; 0 failed; 0 ignored; 0 measured; 0 filtered out; finished in 0.01s

     Running tests/admission_propagation_measure_test.rs (target/debug/deps/admission_propagation_measure_test-25baaaac3f738f12)

running 0 tests

test result: ok. 0 passed; 0 failed; 0 ignored; 0 measured; 0 filtered out; finished in 0.00s

     Running tests/async_drain_test.rs (target/debug/deps/async_drain_test-5656862e065bef83)

running 0 tests

test result: ok. 0 passed; 0 failed; 0 ignored; 0 measured; 0 filtered out; finished in 0.00s

     Running tests/async_replay_test.rs (target/debug/deps/async_replay_test-2090dbc071a47b6e)

running 0 tests

test result: ok. 0 passed; 0 failed; 0 ignored; 0 measured; 0 filtered out; finished in 0.00s

     Running tests/aws_irsa_web_identity_test.rs (target/debug/deps/aws_irsa_web_identity_test-5e83816f8d23a2e9)

running 0 tests

test result: ok. 0 passed; 0 failed; 0 ignored; 0 measured; 0 filtered out; finished in 0.00s

     Running tests/aws_kms_delegated_required_live_test.rs (target/debug/deps/aws_kms_delegated_required_live_test-019d1167fa4aaa62)

running 0 tests

test result: ok. 0 passed; 0 failed; 0 ignored; 0 measured; 0 filtered out; finished in 0.00s

     Running tests/aws_kms_delegated_signing_live_test.rs (target/debug/deps/aws_kms_delegated_signing_live_test-81133db1f652be12)

running 0 tests

test result: ok. 0 passed; 0 failed; 0 ignored; 0 measured; 0 filtered out; finished in 0.00s

     Running tests/aws_kms_delegated_tls_live_test.rs (target/debug/deps/aws_kms_delegated_tls_live_test-4b905e1244087ae8)

running 0 tests

test result: ok. 0 passed; 0 failed; 0 ignored; 0 measured; 0 filtered out; finished in 0.00s

     Running tests/aws_kms_http_profile_live_test.rs (target/debug/deps/aws_kms_http_profile_live_test-c9e7936077300f1c)

running 0 tests

test result: ok. 0 passed; 0 failed; 0 ignored; 0 measured; 0 filtered out; finished in 0.00s

     Running tests/aws_kms_live_test.rs (target/debug/deps/aws_kms_live_test-af2dab4caf2c6063)

running 0 tests

test result: ok. 0 passed; 0 failed; 0 ignored; 0 measured; 0 filtered out; finished in 0.00s

     Running tests/aws_kms_root_rotation_live_test.rs (target/debug/deps/aws_kms_root_rotation_live_test-18c1b8403f77608c)

running 0 tests

test result: ok. 0 passed; 0 failed; 0 ignored; 0 measured; 0 filtered out; finished in 0.00s

     Running tests/config_snapshot_hot_reload_test.rs (target/debug/deps/config_snapshot_hot_reload_test-ead65332313fa87f)

running 0 tests

test result: ok. 0 passed; 0 failed; 0 ignored; 0 measured; 0 filtered out; finished in 0.00s

     Running tests/cpstore_etcd_e2e_test.rs (target/debug/deps/cpstore_etcd_e2e_test-b582c5a6cfff09a8)

running 0 tests

test result: ok. 0 passed; 0 failed; 0 ignored; 0 measured; 0 filtered out; finished in 0.00s

     Running tests/delegated_client_server_e2e_test.rs (target/debug/deps/delegated_client_server_e2e_test-ad7cc88c75886145)

running 15 tests
test revoked_server_delegated_key_is_refused_by_client ... ok
test a_pin_on_the_wrong_issuer_kid_fails_closed ... ok
test a_pin_on_the_root_issuer_kid_verifies ... ok
test serving_without_an_audit_sink_still_round_trips ... ok
test an_accepted_request_emits_accepted_then_signed_with_the_resolved_actor ... ok
test plain_client_round_trips_through_delegated_required_server ... ok
test non_revoked_client_still_round_trips ... ok
test a_replay_emits_exactly_one_rejection_carrying_the_frozen_wire_code ... ok
test replayed_request_yields_a_verified_delegated_rejection ... ok
test the_issuer_pin_survives_a_delegated_key_rotation ... ok
test a_manifest_revoked_root_fails_the_round_trip_closed ... ok
test an_anchored_route_verifies_the_signed_202_that_acknowledges_a_notification ... ok
test a_replayed_older_manifest_cannot_un_revoke_a_root ... ok
test a_manifest_published_root_verifies_a_real_round_trip ... ok
test a_manifest_revoked_root_refuses_the_notification_acknowledgement_too ... ok

test result: ok. 15 passed; 0 failed; 0 ignored; 0 measured; 0 filtered out; finished in 0.03s

     Running tests/delegated_production_wiring_test.rs (target/debug/deps/delegated_production_wiring_test-4b1c78ef3ff6c820)

running 1 test
test delegated_required_wiring_serves_verifies_and_rotates ... ok

test result: ok. 1 passed; 0 failed; 0 ignored; 0 measured; 0 filtered out; finished in 0.02s

     Running tests/delegated_serving_test.rs (target/debug/deps/delegated_serving_test-66984a286642edf8)

running 9 tests
test direct_root_response_rejected_in_delegated_required_mode ... ok
test missing_delegated_key_fails_closed ... ok
test a_request_that_cannot_be_answered_never_reaches_the_backend ... ok
test a_notification_is_served_a_verifiable_delegated_202 ... ok
test the_client_cores_own_notification_envelope_earns_a_202 ... ok
test the_client_facing_crate_can_verify_the_202_the_server_emits ... ok
test delegated_preflight_rejection_verifies_unbound ... ok
test delegated_bound_rejection_verifies ... ok
test delegated_success_response_verifies_and_root_touched_once ... ok

test result: ok. 9 passed; 0 failed; 0 ignored; 0 measured; 0 filtered out; finished in 0.01s

     Running tests/dev_env_key_source_test.rs (target/debug/deps/dev_env_key_source_test-f4bee4d321109510)

running 0 tests

test result: ok. 0 passed; 0 failed; 0 ignored; 0 measured; 0 filtered out; finished in 0.00s

     Running tests/fault_injection_test.rs (target/debug/deps/fault_injection_test-e505f6b7aa6d1b6c)

running 0 tests

test result: ok. 0 passed; 0 failed; 0 ignored; 0 measured; 0 filtered out; finished in 0.00s

     Running tests/gcp_kms_delegated_required_live_test.rs (target/debug/deps/gcp_kms_delegated_required_live_test-047b4510c902ba70)

running 0 tests

test result: ok. 0 passed; 0 failed; 0 ignored; 0 measured; 0 filtered out; finished in 0.00s

     Running tests/gcp_kms_delegated_signing_live_test.rs (target/debug/deps/gcp_kms_delegated_signing_live_test-e1f1f35033a14424)

running 0 tests

test result: ok. 0 passed; 0 failed; 0 ignored; 0 measured; 0 filtered out; finished in 0.00s

     Running tests/gcp_kms_delegated_tls_live_test.rs (target/debug/deps/gcp_kms_delegated_tls_live_test-72ba20e707a6da23)

running 0 tests

test result: ok. 0 passed; 0 failed; 0 ignored; 0 measured; 0 filtered out; finished in 0.00s

     Running tests/gcp_kms_http_profile_live_test.rs (target/debug/deps/gcp_kms_http_profile_live_test-f2e7442af5649ec8)

running 0 tests

test result: ok. 0 passed; 0 failed; 0 ignored; 0 measured; 0 filtered out; finished in 0.00s

     Running tests/gcp_kms_live_test.rs (target/debug/deps/gcp_kms_live_test-3debb8931d385664)

running 0 tests

test result: ok. 0 passed; 0 failed; 0 ignored; 0 measured; 0 filtered out; finished in 0.00s

     Running tests/gcp_kms_root_rotation_live_test.rs (target/debug/deps/gcp_kms_root_rotation_live_test-585aa4fc189cd450)

running 0 tests

test result: ok. 0 passed; 0 failed; 0 ignored; 0 measured; 0 filtered out; finished in 0.00s

     Running tests/http_inner_test.rs (target/debug/deps/http_inner_test-246f71a3c98ac103)

running 0 tests

test result: ok. 0 passed; 0 failed; 0 ignored; 0 measured; 0 filtered out; finished in 0.00s

     Running tests/http_profile_dispatch_test.rs (target/debug/deps/http_profile_dispatch_test-44b90073169926fc)

running 8 tests
test fleet_strict_refuses_single_store_fail_closed_tier ... ok
test fleet_strict_refuses_redis_async_tier ... ok
test core_single_process_gate_fires_beneath_an_acceptable_tier ... ok
test fleet_strict_refuses_undeclared_tier ... ok
test fleet_strict_admits_redis_wait_quorum_tier ... ok
test fleet_strict_admits_linearizable_tier ... ok
test non_fleet_strict_skips_the_tier_gate_but_keeps_core_admission ... ok
test http_profile_request_flows_verify_dispatch_serve_end_to_end ... ok

test result: ok. 8 passed; 0 failed; 0 ignored; 0 measured; 0 filtered out; finished in 0.00s

     Running tests/key_source_test.rs (target/debug/deps/key_source_test-35d82810d1f764a2)

running 4 tests
test file_source_missing_file_is_not_found ... ok
test key_errors_never_leak_secret_material ... ok
test file_source_bad_seed_is_malformed ... ok
test file_source_loads_all_material ... ok

test result: ok. 4 passed; 0 failed; 0 ignored; 0 measured; 0 filtered out; finished in 0.00s

     Running tests/mrt_continuation_serving_test.rs (target/debug/deps/mrt_continuation_serving_test-6e95e6569ff614ea)

running 12 tests
test a_terminal_reply_is_not_caught_by_the_stricter_classification ... ok
test an_unrecognized_result_type_is_refused_without_a_continuation_store ... ok
test answer_without_a_shared_store_entry_fails_closed ... ok
test write_unrecognized_result_type_sdk_fixture ... ok
test write_malformed_elicitation_sdk_fixture ... ok
test a_well_formed_open_leg_is_still_served_and_recorded ... ok
test tampered_request_state_breaks_the_binding ... ok
test a_second_actor_cannot_touch_the_first_actors_continuation ... ok
test an_answer_that_fails_the_binding_leaves_the_continuation_answerable ... ok
test an_unrecognized_result_type_is_refused_before_it_is_signed ... ok
test continuation_opened_on_a_is_honoured_on_b ... ok
test an_open_leg_that_withholds_its_request_state_is_refused_not_served_as_terminal ... ok

test result: ok. 12 passed; 0 failed; 0 ignored; 0 measured; 0 filtered out; finished in 0.01s

     Running tests/mtls_client_leg_e2e_test.rs (target/debug/deps/mtls_client_leg_e2e_test-2107ccc869a32e40)

running 0 tests

test result: ok. 0 passed; 0 failed; 0 ignored; 0 measured; 0 filtered out; finished in 0.00s

     Running tests/mtls_transport_binding_test.rs (target/debug/deps/mtls_transport_binding_test-59578c2b8bbe230d)

running 3 tests
test mtls_bound_request_over_plain_http_fails_closed ... ok
test request_over_its_own_mtls_channel_verifies ... ok
test request_relayed_onto_a_different_mtls_channel_fails_closed ... ok

test result: ok. 3 passed; 0 failed; 0 ignored; 0 measured; 0 filtered out; finished in 0.01s

     Running tests/ocsp_e2e_test.rs (target/debug/deps/ocsp_e2e_test-c326aa20df7e72cd)

running 0 tests

test result: ok. 0 passed; 0 failed; 0 ignored; 0 measured; 0 filtered out; finished in 0.00s

     Running tests/per_request_revocation_test.rs (target/debug/deps/per_request_revocation_test-ae86173ba8694a72)

running 0 tests

test result: ok. 0 passed; 0 failed; 0 ignored; 0 measured; 0 filtered out; finished in 0.00s

     Running tests/pkcs11_keysource_e2e_test.rs (target/debug/deps/pkcs11_keysource_e2e_test-2a52f9228d2ab7ac)

running 0 tests

test result: ok. 0 passed; 0 failed; 0 ignored; 0 measured; 0 filtered out; finished in 0.00s

     Running tests/redis_continuation_e2e_test.rs (target/debug/deps/redis_continuation_e2e_test-53aa14b0bb8ac9fb)

running 0 tests

test result: ok. 0 passed; 0 failed; 0 ignored; 0 measured; 0 filtered out; finished in 0.00s

     Running tests/redis_replay_e2e_test.rs (target/debug/deps/redis_replay_e2e_test-2f4f75eaadcc9fd6)

running 0 tests

test result: ok. 0 passed; 0 failed; 0 ignored; 0 measured; 0 filtered out; finished in 0.00s

     Running tests/redis_trust_epoch_e2e_test.rs (target/debug/deps/redis_trust_epoch_e2e_test-87c2441992d880b0)

running 0 tests

test result: ok. 0 passed; 0 failed; 0 ignored; 0 measured; 0 filtered out; finished in 0.00s

     Running tests/replay_race_harness_test.rs (target/debug/deps/replay_race_harness_test-d51218b52905f6b3)

running 5 tests
test shared_cache_cross_replica_admit_via_a_is_replay_via_b ... ok
test shared_cache_first_is_fresh_then_replay ... ok
test cross_core_same_key_admits_exactly_one_fresh_in_memory ... ok
test cross_replica_shared_store_admits_exactly_one_fresh_in_memory ... ok
test store_unavailable_admits_zero_fresh_fail_closed ... ok

test result: ok. 5 passed; 0 failed; 0 ignored; 0 measured; 0 filtered out; finished in 0.13s

     Running tests/revocation_serving_wiring_test.rs (target/debug/deps/revocation_serving_wiring_test-023fd0e9d2b8358c)

running 9 tests
test a_resolver_outage_is_reported_as_unavailable_not_as_a_binding_failure ... ok
test revoked_binding_yields_no_actor ... ok
test the_production_resolver_surfaces_a_store_outage ... ok
test unavailable_tier_fails_closed_and_is_never_softened_to_an_allow ... ok
test active_binding_resolves_the_key_the_tier_returns ... ok
test revocation_takes_effect_without_a_restart ... ok
test not_found_and_malformed_yield_no_actor ... ok
test rotated_key_is_served_from_the_tier ... ok
test slot_discipline_holds ... ok

test result: ok. 9 passed; 0 failed; 0 ignored; 0 measured; 0 filtered out; finished in 0.00s

     Running tests/rfc9421_round_trip_test.rs (target/debug/deps/rfc9421_round_trip_test-1ad4d75351cdbf34)

running 2 tests
test replayed_request_is_rejected ... ok
test rfc9421_round_trip_zero_object_evidence ... ok

test result: ok. 2 passed; 0 failed; 0 ignored; 0 measured; 0 filtered out; finished in 0.00s

     Running tests/root_authority_manifest_test.rs (target/debug/deps/root_authority_manifest_test-4137b3655a370a0b)

running 1 test
test root_rotation_via_signed_manifest_with_auto_provisioned_roots ... ok

test result: ok. 1 passed; 0 failed; 0 ignored; 0 measured; 0 filtered out; finished in 0.01s

     Running tests/root_key_lifecycle_test.rs (target/debug/deps/root_key_lifecycle_test-d0f63540feecaa40)

running 10 tests
test root_issuance_failure_serves_until_delegated_key_expiry_then_fails_closed ... ok
test a_split_seam_cannot_verify_under_a_revoked_root ... ok
test revoking_one_root_does_not_disturb_the_other ... ok
test root_a_credential_accepted_while_a_is_current ... ok
test during_overlap_both_roots_are_accepted ... ok
test retirement_window_boundary_is_inclusive_then_closes ... ok
test unknown_issuer_is_rejected ... ok
test revoked_issuer_invalidates_all_descendants_before_exp ... ok
test empty_trust_anchor_set_trusts_no_root ... ok
test after_overlap_old_root_rejected_new_root_accepted ... ok

test result: ok. 10 passed; 0 failed; 0 ignored; 0 measured; 0 filtered out; finished in 0.02s

     Running tests/tls_load_harness_bench.rs (target/debug/deps/tls_load_harness_bench-af77906f44224250)

running 0 tests

test result: ok. 0 passed; 0 failed; 0 ignored; 0 measured; 0 filtered out; finished in 0.00s

     Running tests/tls_test.rs (target/debug/deps/tls_test-efec43882c76d9a9)

running 27 tests
test non_ia5_unicode_uri_san_is_rejected_at_mint_time ... ok
test crl_freshness_rejects_malformed_der ... ok
test crl_freshness_classifies_fresh_near_and_stale ... ok
test crl_posture_reports_canonical_digest_and_dates ... ok
test crlf_in_dns_san_and_cn_fails_closed_like_the_header_path ... ok
test no_san_fails_closed_for_san_policies_cn_only_for_legacy ... ok
test dns_san_policy_reads_the_dns_san ... ok
test cn_legacy_policy_reads_the_common_name ... ok
test padded_uri_san_is_trimmed_to_the_same_value_as_the_header_path ... ok
test oversized_uri_san_fails_closed_at_the_same_bound_as_the_header_path ... ok
test multiple_uri_sans_select_first_deterministically ... ok
test multiple_dns_sans_select_first_deterministically ... ok
test selected_source_absent_fails_closed_no_fallback ... ok
test uri_san_policy_reads_the_uri_san ... ok
test uri_san_with_nul_control_char_fails_closed ... ok
test validated_delegated_build_rejects_non_ed25519_leaf ... ok
test validated_delegated_build_rejects_cert_signer_key_mismatch ... ok
test missing_client_certificate_is_rejected ... ok
test stale_crl_fails_client_handshake_closed ... ok
test revoked_client_cert_handshake_is_rejected ... ok
test untrusted_client_certificate_is_rejected ... ok
test mtls_round_trip_extracts_client_identity_and_serves_request ... ok
test non_revoked_client_cert_completes_handshake_with_crl_configured ... ok
test within_limit_client_cert_is_served ... ok
test over_long_client_cert_is_rejected ... ok
test delegated_ed25519_tls_handshake_round_trip ... ok
test validated_delegated_build_round_trip_and_corrupted_sig_fails ... ok

test result: ok. 27 passed; 0 failed; 0 ignored; 0 measured; 0 filtered out; finished in 0.01s

     Running tests/transparency_e2e_test.rs (target/debug/deps/transparency_e2e_test-f18dbfb97d335ae2)

running 7 tests
test retention_is_off_by_default_and_nothing_is_kept ... ok
test a_retention_store_that_cannot_accept_the_call_refuses_before_the_backend_runs ... ok
test an_exchange_whose_evidence_cannot_be_retained_is_refused ... ok
test a_retention_failure_after_execution_is_indeterminate_and_leaves_its_reservation ... ok
test a_served_call_becomes_an_offline_verifiable_receipt ... ok
test a_served_notification_is_retained_like_any_other_accepted_exchange ... ok
test the_statement_is_verifiable_against_the_bytes_the_store_kept ... ok

test result: ok. 7 passed; 0 failed; 0 ignored; 0 measured; 0 filtered out; finished in 0.14s

     Running tests/verified_context_carrier_test.rs (target/debug/deps/verified_context_carrier_test-36237946ca66560c)

running 5 tests
test disabled_by_default_the_inner_server_sees_clean_mcp ... ok
test trusted_channel_carries_the_peps_verified_context ... ok
test transport_contract_is_enforced_on_the_served_path ... ok
test unrelated_application_meta_survives_the_guard ... ok
test a_caller_seeded_verified_context_never_reaches_the_inner_server ... ok

test result: ok. 5 passed; 0 failed; 0 ignored; 0 measured; 0 filtered out; finished in 0.01s

     Running unittests src/lib.rs (target/debug/deps/mcp_re_test_paths-7b740b9b5fecdd43)

running 0 tests

test result: ok. 0 passed; 0 failed; 0 ignored; 0 measured; 0 filtered out; finished in 0.00s

     Running unittests src/lib.rs (target/debug/deps/mcp_re_transport-0bacf28bec4159e3)

running 20 tests
test framing_tests::a_crlf_in_a_header_value_is_rejected_not_sanitised ... ok
test framing_tests::a_header_line_without_a_colon_is_rejected ... ok
test framing_tests::a_bodyless_202_is_readable ... ok
test framing_tests::a_bare_lf_in_the_header_block_is_rejected ... ok
test framing_tests::a_reason_phrase_is_optional ... ok
test framing_tests::a_non_http_status_line_is_rejected ... ok
test framing_tests::a_bare_lf_in_a_header_value_is_rejected ... ok
test framing_tests::a_response_with_no_header_terminator_is_rejected ... ok
test framing_tests::an_obs_fold_continuation_is_rejected ... ok
test framing_tests::a_non_token_method_or_header_name_is_rejected ... ok
test framing_tests::a_truncated_body_is_rejected_not_silently_shortened ... ok
test framing_tests::a_request_target_with_a_space_is_rejected ... ok
test framing_tests::caller_headers_are_emitted_verbatim ... ok
test framing_tests::status_and_headers_are_preserved ... ok
test framing_tests::transfer_encoding_is_rejected ... ok
test framing_tests::transport_owned_headers_are_refused ... ok
test framing_tests::duplicate_content_length_is_rejected ... ok
test remote::tests::a_relative_target_uri_fails_closed ... ok
test remote::tests::origin_form_keeps_the_path_and_query ... ok
test remote::tests::origin_form_of_a_bare_authority_is_root ... ok

test result: ok. 20 passed; 0 failed; 0 ignored; 0 measured; 0 filtered out; finished in 0.00s

     Running tests/dos_hardening_test.rs (target/debug/deps/dos_hardening_test-5cf0c23843c50406)

running 4 tests
test oversized_response_is_rejected_not_oom ... ok
test handshake_stall_times_out_not_hangs ... ok
test handshake_byte_trickle_aborts_at_aggregate_deadline ... ok
test slow_trickle_response_aborts_at_aggregate_deadline ... ok

test result: ok. 4 passed; 0 failed; 0 ignored; 0 measured; 0 filtered out; finished in 1.03s

     Running tests/fault_injection_test.rs (target/debug/deps/fault_injection_test-72f8e4f4bf93f525)

running 0 tests

test result: ok. 0 passed; 0 failed; 0 ignored; 0 measured; 0 filtered out; finished in 0.00s

     Running tests/mtls_client_test.rs (target/debug/deps/mtls_client_test-955ea02831d103ce)

running 5 tests
test empty_server_ca_is_rejected_fail_closed ... ok
test expired_server_cert_is_rejected ... ok
test untrusted_server_cert_is_rejected ... ok
test wrong_server_identity_is_rejected ... ok
test trusted_server_and_client_round_trip_succeeds ... ok

test result: ok. 5 passed; 0 failed; 0 ignored; 0 measured; 0 filtered out; finished in 0.00s

   Doc-tests mcp_re_client

running 0 tests

test result: ok. 0 passed; 0 failed; 0 ignored; 0 measured; 0 filtered out; finished in 0.00s

   Doc-tests mcp_re_client_core

running 0 tests

test result: ok. 0 passed; 0 failed; 0 ignored; 0 measured; 0 filtered out; finished in 0.00s

   Doc-tests mcp_re_client_proxy

running 0 tests

test result: ok. 0 passed; 0 failed; 0 ignored; 0 measured; 0 filtered out; finished in 0.00s

   Doc-tests mcp_re_conformance

running 0 tests

test result: ok. 0 passed; 0 failed; 0 ignored; 0 measured; 0 filtered out; finished in 0.00s

   Doc-tests mcp_re_core

running 0 tests

test result: ok. 0 passed; 0 failed; 0 ignored; 0 measured; 0 filtered out; finished in 0.00s

   Doc-tests mcp_re_demo

running 0 tests

test result: ok. 0 passed; 0 failed; 0 ignored; 0 measured; 0 filtered out; finished in 0.00s

   Doc-tests mcp_re_host

running 0 tests

test result: ok. 0 passed; 0 failed; 0 ignored; 0 measured; 0 filtered out; finished in 0.00s

   Doc-tests mcp_re_http_profile

running 0 tests

test result: ok. 0 passed; 0 failed; 0 ignored; 0 measured; 0 filtered out; finished in 0.00s

   Doc-tests mcp_re_policy

running 0 tests

test result: ok. 0 passed; 0 failed; 0 ignored; 0 measured; 0 filtered out; finished in 0.00s

   Doc-tests mcp_re_proxy

running 0 tests

test result: ok. 0 passed; 0 failed; 0 ignored; 0 measured; 0 filtered out; finished in 0.00s

   Doc-tests mcp_re_test_paths

running 0 tests

test result: ok. 0 passed; 0 failed; 0 ignored; 0 measured; 0 filtered out; finished in 0.00s

   Doc-tests mcp_re_transport

running 1 test
test mcp-re-transport/src/lib.rs - (line 35) - compile ... ok

test result: ok. 1 passed; 0 failed; 0 ignored; 0 measured; 0 filtered out; finished in 0.69s

   Compiling mcp-re-proxy v0.14.0 (/Users/mats/dev/mcp-re/mcp-re-proxy)
   Compiling mcp-re-conformance v0.14.0 (/Users/mats/dev/mcp-re/mcp-re-conformance)
   Compiling mcp-re-demo v0.14.0 (/Users/mats/dev/mcp-re/mcp-re-demo)
   Compiling mcp-re-client v0.14.0 (/Users/mats/dev/mcp-re/mcp-re-client)
   Compiling mcp-re-transport v0.14.0 (/Users/mats/dev/mcp-re/mcp-re-transport)
    Finished `dev` profile [unoptimized + debuginfo] target(s) in 1m 12s
    Finished `test` profile [unoptimized + debuginfo] target(s) in 0.27s
     Running unittests src/lib.rs (target/debug/deps/mcp_re_proxy-e16e6e3d3b759058)

running 626 tests
test admission_source::tests::a_key_is_readable_by_an_operator ... ok
test app::key_file_perm_tests::an_absent_key_file_is_not_an_error ... ok
test app::rotation_progress_tests::nothing_published_is_not_progress ... ok
test app::key_file_perm_tests::a_world_readable_key_file_is_refused ... ok
test app::key_file_perm_tests::a_group_readable_key_file_is_refused_without_the_opt_in ... ok
test app::rotation_progress_tests::unchanged_kid_inside_the_overlap_window_is_not_progress ... ok
test app::rotation_progress_tests::unchanged_kid_outside_the_overlap_window_is_not_a_failure ... ok
test app::rotation_progress_tests::a_new_kid_is_progress ... ok
test app::key_file_perm_tests::an_owner_only_key_file_is_accepted ... ok
test app::key_file_perm_tests::a_delegated_tls_key_contributes_no_file_to_check ... ok
test app::key_file_perm_tests::a_group_readable_key_file_owned_by_our_group_is_accepted_with_the_opt_in ... ok
test app::store_cadence_tests::a_configured_cadence_is_named_on_the_tier_line ... ok
test app::store_cadence_tests::a_push_tier_without_a_source_reports_the_fallback_only ... ok
test app::key_file_perm_tests::group_write_is_refused_even_with_the_opt_in ... ok
test app::store_cadence_tests::a_tier_with_no_reload_cadence_says_the_store_cannot_change ... ok
test app::store_cadence_tests::every_tier_names_the_reload_floor_under_its_number ... ok
test app::key_file_perm_tests::the_tls_key_is_checked_under_every_custody_mode ... ok
test app::key_file_perm_tests::the_pkcs11_pin_file_is_permission_checked ... ok
test app::store_cadence_tests::the_push_tier_bound_states_the_poll_interval_not_the_next_request ... ok
test app::trust_epoch_watch_tests::a_regressed_counter_is_refused_not_rebased ... ok
test app::trust_epoch_watch_tests::all_replicas_agree_regardless_of_start_time ... ok
test app::trust_epoch_watch_tests::an_increment_survives_a_replica_restart ... ok
test app::trust_epoch_watch_tests::label_is_always_base_hash_counter_never_the_bare_base ... ok
test app::trust_epoch_watch_tests::an_outage_yields_no_label_so_minting_stops ... ok
test app::trust_epoch_watch_tests::reconnect_after_an_outage_resumes_and_sees_missed_increments ... ok
test app::trust_epoch_watch_tests::full_sequence_increment_outage_restart_reconnect_continued_issuance ... ok
test admission_source::tests::an_unknown_workload_is_a_definitive_negative_not_an_outage ... ok
test admission_source::tests::an_outage_is_distinguishable_from_an_unknown_workload ... ok
test app::store_cadence_tests::a_frozen_store_stops_answering_instead_of_serving_the_revoked_key ... ok
test admission_source::tests::revoking_keeps_the_generation_and_changes_the_status ... ok
test async_redis_store::tests::every_evicting_policy_is_refused_and_so_is_an_unreadable_one ... ok
test async_inner::tests::an_absent_or_unreadable_id_becomes_null ... ok
test async_inner::tests::a_string_id_survives_as_a_string ... ok
test async_inner::tests::a_hostile_id_cannot_break_out_of_the_document ... ok
test async_inner::tests::the_synthesized_error_carries_the_requests_id ... ok
test async_replay::tests::no_number_of_actors_can_spend_the_reserve ... ok
test async_etcd_store::tests::the_operation_timeout_is_clamped_at_both_ends ... ok
test async_redis_store::tests::the_policy_is_read_out_of_either_protocols_reply ... ok
test async_replay::tests::an_already_stale_retain_until_is_refused_pre_store ... ok
test async_replay::tests::one_actor_cannot_spend_the_whole_ceiling_and_deny_another ... ok
test async_replay::tests::in_memory_store_is_fresh_then_replay_and_single_process ... ok
test async_replay::tests::a_replay_hands_the_charge_back ... ok
test async_etcd_store::tests::an_already_stale_request_is_rejected_without_touching_etcd ... ok
test async_replay::tests::the_budget_reserves_headroom_and_splits_evenly ... ok
test async_replay::tests::l1_fast_reject_never_fresh_and_evicts_fifo ... ok
test async_serve::admission_bound_tests::absorbing_a_frame_does_not_release_its_bytes_twice ... ok
test async_serve::admission_bound_tests::an_abandoned_body_read_returns_its_charge ... ok
test async_serve::admission_bound_tests::the_core_budget_admits_a_maximum_size_body_and_refuses_past_the_ceiling ... ok
test async_serve::admission_bound_tests::the_handshake_bound_leaves_workers_for_the_rest_of_the_core ... ok
test async_serve::target_uri_tests::a_different_query_is_refused ... ok
test async_serve::target_uri_tests::a_different_received_path_is_refused ... ok
test async_replay::tests::pruning_releases_the_per_actor_charge ... ok
test async_replay::tests::the_async_store_evicts_entries_past_their_retain_until ... ok
test async_serve::target_uri_tests::a_root_target_matches_a_root_request ... ok
test async_replay::tests::the_async_store_refuses_rather_than_growing_past_its_ceiling ... ok
test async_serve::target_uri_tests::an_empty_configured_target_is_not_checked_here ... ok
test async_serve::target_uri_tests::a_matching_origin_form_is_consistent ... ok
test async_serve::target_uri_tests::the_configured_authority_is_not_compared ... ok
test audit_sink::tests::the_collector_preserves_emission_order ... ok
test async_replay::tests::the_tier_releases_charges_once_their_retention_expires ... ok
test audit_sink::tests::the_no_audit_sink_records_nothing_and_does_not_panic ... ok
test audit_sink::tests::a_full_audit_queue_drops_rather_than_blocking_the_caller ... ok
test async_replay::tests::the_tier_budgets_a_durable_backend_that_budgets_nothing_itself ... ok
test aws_kms_keysource::tests::amz_date_formats_known_epochs ... ok
test aws_kms_keysource::tests::authority_strips_scheme_and_path ... ok
test aws_kms_keysource::tests::a_throttled_tls_sign_stops_calling_kms_for_the_cooldown ... ok
test aws_kms_keysource::tests::non_ed25519_key_spec_fails_closed ... ok
test aws_kms_keysource::tests::only_quota_failures_open_the_cooldown ... ok
test aws_sigv4::tests::empty_payload_hash_is_well_known ... ok
test async_redis_store::tests::a_noeviction_redis_is_accepted ... ok
test async_redis_store::tests::a_store_refuses_to_connect_to_an_evicting_redis ... ok
test aws_kms_keysource::tests::get_public_key_parses_ed25519_spki ... ok
test aws_sts::tests::a_hostile_region_stops_the_default_endpoint_being_built ... ok
test aws_sigv4::tests::sigv4_matches_published_get_vanilla_vector ... ok
test aws_sigv4::tests::kms_sign_request_canonical_shape_is_stable ... ok
test aws_sts::tests::a_missing_expiration_element_reads_as_already_expired ... ok
test aws_sigv4::tests::session_token_is_signed_and_returned ... ok
test aws_sts::tests::a_region_that_could_redirect_the_token_is_refused ... ok
test aws_sts::tests::a_response_without_credentials_is_refused ... ok
test aws_sts::tests::a_session_token_is_always_set_so_sigv4_sends_x_amz_security_token ... ok
test aws_sts::tests::a_value_echoed_outside_credentials_is_not_mistaken_for_one ... ok
test aws_sts::tests::a_well_formed_response_yields_the_credentials_and_its_expiry ... ok
test aws_kms_keysource::tests::aws_backend_signs_and_verifies_end_to_end ... ok
test aws_sts::tests::an_empty_credential_field_is_refused_rather_than_signed_with ... ok
test aws_kms_keysource::tests::aws_backend_tls_sign_verifies_under_reported_spki ... ok
test aws_sts::tests::an_unparseable_expiration_reads_as_already_expired_not_as_unlimited ... ok
test async_etcd_store::tests::an_expired_lease_is_never_reused ... ok
test aws_sts::tests::form_encoding_escapes_what_a_jwt_and_an_arn_contain ... ok
test aws_sts::tests::each_missing_credential_field_is_named ... ok
test aws_sts::tests::session_names_are_validated_against_the_sts_grammar ... ok
test aws_sts::tests::xml_entities_decode_and_amp_is_decoded_last ... ok
test aws_kms_keysource::tests::prehash_signature_is_rejected_before_return ... ok
test cli::tests::a_fleet_wide_target_alone_clears_the_per_core_default ... ok
test cli::tests::a_dangling_admission_setting_is_refused ... ok
test cli::tests::a_group_this_process_is_not_in_is_still_refused ... ok
test cli::tests::a_kms_endpoint_with_no_host_is_refused ... ok
test cli::tests::a_cadence_longer_than_the_declared_window_is_refused ... ok
test cli::tests::a_loopback_http_kms_endpoint_is_accepted_for_emulators ... ok
test cli::tests::a_non_exporting_custody_does_not_require_a_signing_key_seed ... ok
test aws_sts::tests::a_stated_expiry_is_never_extended_by_the_reuse_floor ... ok
test aws_sts::tests::an_unreadable_expiration_is_reused_briefly_rather_than_re_exchanged_every_call ... ok
test cli::tests::a_non_http_kms_endpoint_scheme_is_refused ... ok
test cli::tests::a_plaintext_kms_endpoint_to_a_remote_host_is_refused ... ok
test cli::tests::a_secret_string_does_not_print_its_value_or_length ... ok
test cli::tests::a_supplied_revocation_list_is_refused_because_nothing_consults_it ... ok
test cli::tests::admission_ceilings_are_configurable_and_bounded_by_default ... ok
test cli::tests::a_zero_timeout_is_refused_because_it_disables_the_slow_loris_defense ... ok
test cli::tests::an_fsgroup_owned_mount_is_accepted_only_with_the_opt_in ... ok
test cli::tests::admission_is_off_by_default ... ok
test cli::tests::an_unknown_admission_mode_is_refused ... ok
test cli::tests::a_group_readable_pin_file_is_refused ... ok
test cli::tests::an_https_kms_endpoint_is_accepted ... ok
test cli::tests::argv_pkcs11_pin_is_refused_with_the_replacement_named ... ok
test cli::tests::any_world_bit_is_never_accepted ... ok
test cli::tests::attested_ingress_invalid_attestor_key_errors ... ok
test cli::tests::authz_off_does_not_require_a_revocation_list ... ok
test cli::tests::attested_ingress_is_admitted_under_strict ... ok
test cli::tests::authz_reference_is_refused ... ok
test cli::tests::aws_kms_tls_key_id_without_aws_kms_fails_closed ... ok
test cli::tests::aws_kms_tls_key_id_plus_exported_tls_key_fails_closed ... ok
test cli::tests::aws_kms_requires_region_and_key_id ... ok
test cli::tests::aws_kms_use_web_identity_without_aws_kms_fails_closed ... ok
test cli::tests::attested_ingress_flags_dangle_without_binding ... ok
test cli::tests::aws_sts_endpoint_without_web_identity_fails_closed ... ok
test cli::tests::attested_ingress_rejects_reverse_proxy_header ... ok
test cli::tests::attested_ingress_without_pinned_mtls_fails_closed ... ok
test cli::tests::attested_ingress_requires_attestor_key_identity_and_audience ... ok
test cli::tests::aws_kms_web_identity_is_off_by_default_and_on_when_named ... ok
test cli::tests::client_ocsp_require_fails_closed_in_every_build ... ok
test cli::tests::client_ocsp_require_in_reverse_proxy_mode_errors ... ok
test cli::tests::build_lb_assertion_binding_wires_keys_and_fails_closed ... ok
test cli::tests::default_has_no_crls_and_fails_closed_on_unknown_status ... ok
test cli::tests::cpstore_endpoint_without_linearizable_fails_closed ... ok
test cli::tests::cores_defaults_to_auto_zero ... ok
test cli::tests::default_has_online_ocsp_off_and_hard_fail ... ok
test cli::tests::bounded_cache_tier_wrapping_caches_within_t ... ok
test cli::tests::degraded_mode_requires_a_positive_bound ... ok
test cli::tests::connection_refused_redis_fails_closed_at_construction ... ok
test cli::tests::delegated_signing_parses_with_defaults ... ok
test cli::tests::delegated_overlap_not_less_than_ttl_is_rejected ... ok
test cli::tests::empty_client_crl_segment_errors ... ok
test cli::tests::empty_inner_http_url_segment_fails_closed ... ok
test cli::tests::empty_responder_url_errors ... ok
test cli::tests::empty_or_missing_target_uri_is_refused ... ok
test cli::tests::empty_reverse_proxy_header_name_errors ... ok
test cli::tests::empty_revocation_list_segment_is_rejected ... ok
test cli::tests::enforcing_admission_parses_with_an_authority_and_a_source ... ok
test cli::tests::enforcing_admission_without_a_source_is_refused ... ok
test cli::tests::enforcing_admission_without_an_authority_is_refused ... ok
test cli::tests::duplicate_ingress_lb_key_id_errors ... ok
test cli::tests::file_custody_still_requires_a_signing_key_seed ... ok
test cli::tests::file_key_source_is_always_constructible ... ok
test cli::tests::file_replay_requires_path ... ok
test cli::tests::gcp_kms_requires_key_version ... ok
test cli::tests::gcp_kms_tls_key_version_plus_exported_tls_key_fails_closed ... ok
test cli::tests::gcp_kms_tls_key_version_without_gcp_kms_fails_closed ... ok
test cli::tests::gcp_use_metadata_only_with_gcp_kms ... ok
test cli::tests::group_write_is_never_accepted ... ok
test cli::tests::ingress_lb_key_invalid_public_key_errors ... ok
test cli::tests::ingress_lb_key_malformed_value_errors ... ok
test cli::tests::key_file_mode_predicate_flags_group_and_world_bits ... ok
test cli::tests::lb_assertion_binding_requires_at_least_one_key ... ok
test cli::tests::linearizable_tier_with_cpstore_endpoint_parses ... ok
test cli::tests::ingress_lb_key_without_lb_assertion_binding_errors ... ok
test cli::tests::linearizable_tier_without_cpstore_endpoint_fails_closed ... ok
test cli::tests::live_and_push_tiers_require_a_trust_reload_cadence ... ok
test cli::tests::live_tier_wrapping_reflects_a_store_revocation_immediately ... ok
test cli::tests::load_trust_rejects_malformed_entries ... ok
test cli::tests::max_clock_skew_is_accepted_across_the_whole_bound ... ok
test cli::tests::load_revocation_list_missing_file_fails_closed ... ok
test cli::tests::mcp_protocol_version_is_repeatable_and_absent_by_default ... ok
test cli::tests::missing_client_crl_file_fails_closed ... ok
test cli::tests::loads_a_trust_file ... ok
test cli::tests::missing_inner_http_url_fails_closed ... ok
test cli::tests::missing_required_flag_errors ... ok
test cli::tests::missing_trust_epoch_is_rejected ... ok
test cli::tests::no_crl_paths_loads_empty_vec ... ok
test cli::tests::no_reverse_proxy_header_by_default ... ok
test cli::tests::load_revocation_list_reads_ids_skipping_blanks_and_comments ... ok
test cli::tests::load_revocation_list_with_no_ids_fails_closed ... ok
test cli::tests::non_numeric_cores_fails_closed ... ok
test cli::tests::out_of_bounds_max_clock_skew_is_refused_at_parse ... ok
test cli::tests::parses_a_minimal_config_with_defaults ... ok
test cli::tests::parse_rejects_bad_values_and_names_each_missing_required_flag ... ok
test cli::tests::parses_a_single_client_crl_path ... ok
test cli::tests::parses_aws_kms_key_source_flags ... ok
test cli::tests::parses_aws_kms_tls_key_id_flag ... ok
test cli::tests::parses_attested_ingress_binding_fully_configured ... ok
test cli::tests::parses_client_cert_lifetime_forms ... ok
test cli::tests::parses_client_ocsp_require_and_knobs ... ok
test cli::tests::parses_comma_separated_client_crls ... ok
test cli::tests::parses_configurable_limits ... ok
test cli::tests::parses_each_revocation_tier ... ok
test cli::tests::parses_explicit_cores ... ok
test cli::tests::parses_gcp_kms_key_source_flags ... ok
test cli::tests::parses_gcp_kms_tls_key_version_flag ... ok
test cli::tests::parses_identity_source_selection ... ok
test cli::tests::parses_pkcs11_key_source_flags ... ok
test cli::tests::parses_repeated_and_comma_separated_inner_http_urls ... ok
test cli::tests::parses_shared_replay_selection ... ok
test cli::tests::parses_wait_quorum_durability_tier ... ok
test cli::tests::pkcs11_tls_label_makes_tls_key_optional ... ok
test cli::tests::pkcs11_key_source_requires_each_flag ... ok
test cli::tests::pkcs11_tls_label_with_exported_tls_key_is_rejected ... ok
test cli::tests::pkcs11_tls_label_without_pkcs11_source_is_rejected ... ok
test cli::tests::pkcs11_without_tls_label_still_requires_tls_key ... ok
test cli::tests::rejects_unknown_durability_tier ... ok
test cli::tests::rejects_unknown_or_malformed_revocation_tier ... ok
test cli::tests::push_tier_wrapping_behaves_as_bounded_t_with_an_inert_channel ... ok
test cli::tests::repeated_client_crl_flags_accumulate ... ok
test cli::tests::request_deadline_secs_over_cap_is_rejected ... ok
test cli::tests::responder_url_without_require_errors ... ok
test cli::tests::reverse_proxy_mode_conflicts_with_local_cert_lifetime ... ok
test cli::tests::revocation_tier_defaults_to_bounded_cache_tier_1 ... ok
test cli::tests::shared_replay_requires_durability_tier ... ok
test cli::tests::shared_replay_requires_url ... ok
test cli::tests::single_node_accepts_file_replay_cache ... ok
test cli::tests::strict_accepts_cert_lifetime_at_ceiling ... ok
test cli::tests::strict_accepts_cert_lifetime_below_ceiling ... ok
test cli::tests::strict_accepts_file_replay_backend ... ok
test cli::tests::strict_accepts_shared_replay_at_adequate_tier ... ok
test cli::tests::strict_accepts_wait_quorum_replay_durability_tier ... ok
test cli::tests::strict_fleet_accepts_shared_wait_quorum ... ok
test cli::tests::strict_fleet_rejects_file_replay_cache ... ok
test cli::tests::strict_fleet_rejects_memory_replay_cache ... ok
test cli::tests::strict_is_always_on_for_a_safe_config ... ok
test cli::tests::strict_rejects_cn_legacy_identity_source ... ok
test cli::tests::strict_rejects_disabled_cert_lifetime_none ... ok
test cli::tests::strict_rejects_disabled_cert_lifetime_zero ... ok
test cli::tests::strict_rejects_in_memory_replay_default ... ok
test cli::tests::strict_rejects_over_ceiling_cert_lifetime ... ok
test cli::tests::strict_rejects_over_ceiling_lifetime_2h ... ok
test cli::tests::strict_rejects_transport_binding_none ... ok
test cli::tests::strict_rejects_reverse_proxy_identity_header_ingress ... ok
test cli::tests::strict_rejects_weak_replay_durability_tier ... ok
test cli::tests::strict_rejects_lb_assertion_binding ... ok
test cli::tests::the_audit_sink_defaults_to_on ... ok
test cli::tests::strict_reports_all_violations_at_once ... ok
test cli::tests::the_connection_age_bound_is_defaulted_and_zero_is_refused ... ok
test cli::tests::the_default_timeouts_are_bounded_so_the_refusal_never_fires_by_default ... ok
test cli::tests::the_strict_posture_is_unchanged_by_default ... ok
test cli::tests::tls_signing_exclusivity_rejects_both_and_admits_either_or_neither ... ok
test cli::tests::trust_epoch_url_with_push_tier_parses ... ok
test cli::tests::trust_epoch_url_without_push_tier_is_rejected ... ok
test cli::tests::trust_file_with_bad_key_errors ... ok
test cli::tests::unknown_client_ocsp_value_errors ... ok
test cli::tests::unknown_flag_errors ... ok
test cli::tests::unknown_identity_source_errors ... ok
test cli::tests::trust_file_duplicate_same_key_is_also_rejected ... ok
test cli::tests::unknown_key_source_lists_cloud_kms ... ok
test cli::tests::unknown_key_source_lists_pkcs11 ... ok
test cli::tests::unknown_replay_cache_lists_shared ... ok
test cli::tests::trust_file_same_signer_distinct_key_ids_is_fine ... ok
test cli::tests::unknown_reverse_proxy_header_format_errors ... ok
test cli::tests::trust_file_with_duplicate_key_id_is_rejected ... ok
test cli::tests::unparseable_client_cert_lifetime_errors ... ok
test cli::tests::zero_admission_ceiling_is_refused ... ok
test client_revocation::tests::a_listed_serial_is_revoked_and_an_unlisted_one_is_good ... ok
test client_revocation::tests::a_stale_crl_certifies_nothing_but_still_revokes ... ok
test client_revocation::tests::a_zero_padded_serial_still_matches ... ok
test client_revocation::tests::an_empty_index_admits_everything ... ok
test client_revocation::tests::an_uncovered_issuer_is_unknown_and_refused_unless_allowed ... ok
test client_revocation::tests::the_snapshot_swaps_atomically_and_survives_a_poisoned_lock ... ok
test continuation_store::tests::key_is_stable_and_specific_to_both_inputs ... ok
test continuation_store::tests::one_actors_entry_is_not_reachable_by_another ... ok
test continuation_store::tests::peek_does_not_consume_and_consume_is_one_shot ... ok
test continuation_store::tests::the_actor_state_boundary_cannot_be_moved ... ok
test continuation_store::tests::the_key_is_scoped_to_the_audience ... ok
test cli::tests::the_pin_file_reader_trims_a_trailing_newline_and_refuses_an_empty_file ... ok
test delegated_response_signer::tests::delegated_sign_failure_propagates ... ok
test delegated_response_signer::tests::malformed_callback_signature_fails_closed ... ok
test delegated_server_signer::tests::backoff_is_exponential_then_ceilinged ... ok
test delegated_server_signer::tests::backoff_never_sleeps_past_a_still_valid_key ... ok
test config_snapshot::tests::reload_keeps_last_good_on_failure ... ok
test config_snapshot::tests::a_handle_taken_before_a_swap_keeps_serving_its_config ... ok
test config_snapshot::tests::load_returns_current_and_store_swaps ... ok
test delegated_server_signer::tests::backoff_once_expired_uses_the_ceiling_not_the_negative_ttl ... ok
test config_snapshot::tests::reload_swaps_on_successful_rebuild ... ok
test delegated_server_signer::tests::metrics_count_success_and_reset_the_failure_streak ... ok
test delegated_server_signer::tests::no_key_before_first_rotate_fails_closed ... ok
test delegated_server_signer::tests::fail_closed_issuance_retires_the_snapshot ... ok
test delegated_response_signer::tests::signature_not_matching_advertised_key_fails_closed ... ok
test delegated_server_signer::tests::seconds_to_expiry_tracks_the_published_key ... ok
test delegated_server_signer::tests::snapshot_fails_closed_past_expiry ... ok
test delegated_server_signer::tests::a_declined_advance_is_reported_as_declined_and_keeps_the_prior_key ... ok
test delegated_server_signer::tests::rotate_publishes_a_snapshot_the_hot_path_reads ... ok
test delegated_tls::tests::wrong_length_signature_fails_closed ... ok
test delegated_response_signer::tests::delegated_signature_verifies_under_advertised_public_key ... ok
test delegated_server_signer::tests::issuance_failure_serves_the_valid_key_then_fails_closed_at_expiry ... ok
test delegated_tls::tests::offers_ed25519_only ... ok
test delegated_server_signer::tests::advance_trust_epoch_republishes_a_fresh_key_under_the_new_epoch ... ok
test delegated_tls::tests::signer_scheme_is_ed25519_and_signature_is_64_bytes ... ok
test delegated_wiring::tests::failing_root_fails_closed_at_first_issuance ... ok
test delegated_wiring::tests::builds_and_first_rotate_publishes_a_snapshot ... ok
test durable_replay::tests::declares_durable_class ... ok
test delegated_wiring::tests::ttl_bounds_the_published_snapshot ... ok
test delegated_tls::tests::handshake_signature_budget_bounds_remote_signer_invocations ... ok
test durable_replay::tests::corrupt_file_fails_closed_on_open ... ok
test async_etcd_store::tests::nonces_retained_to_the_same_instant_share_one_lease ... ok
test durable_replay::tests::malformed_entry_fails_closed_on_open ... ok
test durable_replay::tests::persist_failure_is_unavailable_and_rolls_back ... ok
test delegated_tls::tests::handshake_signature_budget_refills_over_time ... ok
test aws_sts::tests::concurrent_callers_perform_one_exchange_between_them ... ok
test durable_replay::tests::persist_commits_atomically_leaving_no_tmp_sibling ... ok
test etcd_store::tests::cross_instance_insert_via_a_is_replay_via_b ... ok
test etcd_store::tests::fresh_does_not_revoke_the_lease ... ok
test etcd_store::tests::fresh_then_replay_single_instance ... ok
test etcd_store::tests::injected_clock_makes_ttl_the_window_not_the_now_zero_epoch ... ok
test etcd_store::tests::lease_grant_body_carries_bounded_ttl ... ok
test durable_replay::tests::leftover_tmp_file_does_not_corrupt_load ... ok
test etcd_store::tests::lease_revoke_body_carries_string_lease_id ... ok
test etcd_store::tests::nonpositive_ttl_rejected_pre_store_no_etcd_calls ... ok
test etcd_store::tests::parse_lease_id_accepts_string_and_number ... ok
test etcd_store::tests::parse_lease_id_fails_closed_on_missing_zero_or_garbage ... ok
test etcd_store::tests::replay_revoke_failure_still_returns_replay_never_errors ... ok
test etcd_store::tests::replay_revokes_the_unused_lease ... ok
test etcd_store::tests::store_unavailable_fails_closed_never_fresh ... ok
test etcd_store::tests::ttl_secs_clamps_to_minimal_when_already_expired ... ok
test etcd_store::tests::ttl_secs_is_window_not_absolute_epoch ... ok
test etcd_store::tests::txn_body_is_put_if_absent_under_lease ... ok
test etcd_store::tests::txn_not_succeeded_is_replay ... ok
test etcd_store::tests::txn_succeeded_is_fresh ... ok
test gcp_kms_keysource::tests::a_token_response_yields_the_credential_and_its_lifetime ... ok
test gcp_kms_keysource::tests::a_throttled_tls_sign_stops_calling_kms_for_the_cooldown ... ok
test durable_replay::tests::first_is_fresh_then_replay ... ok
test gcp_kms_keysource::tests::an_empty_or_absent_access_token_is_refused ... ok
test gcp_kms_keysource::tests::expiry_from_now_saturates_on_overflow ... ok
test async_replay::tests::an_abandoned_insert_does_not_leak_its_charge ... ok
test gcp_kms_keysource::tests::gcp_backend_signs_and_verifies_end_to_end ... ok
test durable_replay::tests::survives_reopen ... ok
test gcp_kms_keysource::tests::gcp_backend_tls_sign_verifies_under_reported_spki ... ok
test gcp_kms_keysource::tests::get_public_key_parses_ed25519_pem ... ok
test async_etcd_store::tests::a_fresh_window_is_bounded_by_the_per_operation_deadline ... ok
test gcp_kms_keysource::tests::kms_destroy_public_key_unavailable_fails_closed_at_construction ... ok
test durable_replay::tests::expired_entries_evicted_safely_then_nonce_is_fresh ... ok
test gcp_kms_keysource::tests::kms_disable_stops_new_signing ... ok
test gcp_kms_keysource::tests::non_ed25519_algorithm_fails_closed ... ok
test gcp_kms_keysource::tests::only_quota_failures_open_the_cooldown ... ok
test gcp_kms_keysource::tests::pem_roundtrips_to_spki_der ... ok
test gcp_kms_keysource::tests::prehash_signature_is_rejected_before_return ... ok
test gcp_kms_keysource::tests::kms_disable_alone_is_not_verifier_revocation ... ok
test gcp_kms_keysource::tests::rotation_overlap_old_and_new_then_old_revoked ... ok
test durable_replay::tests::prune_removes_expired_and_frees_the_nonce ... ok
test gcp_kms_keysource::tests::the_access_token_is_moved_out_of_the_parsed_document ... ok
test gcp_kms_keysource::tests::trust_policy_revoke_rejects_kms_signed_evidence ... ok
test http_inner::tests::a_success_resets_the_failure_run ... ok
test http_inner::tests::all_open_selection_returns_none_before_cooldown ... ok
test http_inner::tests::consecutive_failures_trip_open_at_threshold ... ok
test http_inner::tests::failed_probe_reopens_for_another_cooldown ... ok
test http_inner::tests::health_aware_lb_skips_open_backend_and_uses_healthy_one ... ok
test http_inner::tests::healthy_backend_selected_and_closed_stays_closed_on_success ... ok
test http_inner::tests::open_backend_readmitted_as_probe_after_cooldown_then_closes_on_success ... ok
test durable_replay::tests::prune_boundary_keeps_entry_at_retain_until_matches_in_memory ... ok
test http_profile_serve::admission_window_tests::a_replica_that_never_reached_the_authority_has_no_window ... ok
test http_profile_serve::admission_window_tests::an_out_of_order_read_does_not_rewind_the_window ... ok
test http_profile_serve::admission_window_tests::the_degraded_window_closes_p_after_the_last_successful_read ... ok
test http_profile_serve::admission_window_tests::without_the_opt_in_there_is_no_window_at_all ... ok
test kms_keysource::tests::mismatched_key_signature_fails_closed_at_the_seam ... ok
test kms_keysource::tests::kms_signature_verifies_under_mcp_re_core_verifier ... ok
test kms_keysource::tests::non_ed25519_public_key_fails_closed ... ok
test kms_keysource::tests::prehash_mode_is_caught_at_the_seam ... ok
test kms_keysource::tests::wrong_length_signature_fails_closed ... ok
test kms_keysource::tests::tls_delegated_signer_is_none_without_tls_key_some_with ... ok
test live_trust::tests::no_positive_caching_consults_inner_every_call ... ok
test live_trust::tests::revocation_source_outage_fails_closed ... ok
test live_trust::tests::second_revocation_authority_rejects_even_when_key_status_active ... ok
test live_trust::tests::store_outage_fails_closed_never_active ... ok
test live_trust::tests::store_revocation_is_visible_on_the_next_request_with_no_t_wait ... ok
test log_sink::tests::log_event_tags_match_the_brief ... ok
test ocsp::tests::acceptance_nonce_mismatch_is_denied ... ok
test ocsp::tests::acceptance_revoked_and_unknown_deny ... ok
test ocsp::tests::acceptance_stale_response_is_denied ... ok
test ocsp::tests::aia_guard_accepts_normal_public_url ... ok
test ocsp::tests::acceptance_unsigned_good_is_denied ... ok
test ocsp::tests::acceptance_wrong_certid_is_denied ... ok
test ocsp::tests::aia_guard_allows_public_alternate_encodings_and_hostnames ... ok
test ocsp::tests::aia_guard_blocks_alternate_ip_encodings ... ok
test ocsp::tests::aia_guard_blocks_malformed_empty_label_hosts ... ok
test ocsp::tests::aia_guard_blocks_schemes_and_private_ranges ... ok
test ocsp::tests::aia_url_extraction_none_on_garbage ... ok
test ocsp::tests::aia_url_extraction_reads_ocsp_responder ... ok
test ocsp::tests::aia_url_extraction_none_without_aia ... ok
test ocsp::tests::cert_status_helper_maps_choices ... ok
test ocsp::tests::check_rejects_cert_aia_file_scheme_before_fetch ... ok
test ocsp::tests::certid_binding_matches_only_same_cert ... ok
test ocsp::tests::check_rejects_cert_aia_localhost_before_fetch ... ok
test ocsp::tests::check_rejects_cert_aia_loopback_host_before_fetch ... ok
test ocsp::tests::check_with_no_url_is_unknown ... ok
test ocsp::tests::checker_allows_methods_match_policy ... ok
test ocsp::tests::check_without_responder_url_is_unknown_not_good ... ok
test durable_replay::tests::ceiling_fails_closed_when_full_of_live_entries ... ok
test ocsp::tests::delegated_responder_validity_window_enforced ... ok
test ocsp::tests::inet_aton_parser_canonicalizes_each_encoding ... ok
test ocsp::tests::ocsp_request_builder_default_is_empty ... ok
test ocsp::tests::nonce_round_trips_in_request ... ok
test ocsp::tests::freshness_window_enforced ... ok
test ocsp::tests::freshness_capped_when_no_next_update ... ok
test ocsp::tests::freshness_skew_tolerated ... ok
test ocsp::tests::ocsp_post_does_not_follow_redirects ... ok
test ocsp::tests::nonce_match_required_when_present ... ok
test ocsp::tests::operator_override_scheme_checked_not_ip_blocked ... ok
test ocsp::tests::policy_good_always_allows ... ok
test ocsp::tests::policy_revoked_always_rejects ... ok
test ocsp::tests::policy_unknown_hard_fail_rejects_soft_fail_allows ... ok
test ocsp::tests::sha1_known_answer_vectors ... ok
test ocsp::tests::ocsp_request_der_round_trips ... ok
test ocsp::tests::responder_id_byname_matches_issuer ... ok
test ocsp::tests::rejects_non_successful_responder_status ... ok
test ocsp::tests::select_matching_single_response_requires_binding ... ok
test ocsp::tests::verify::forged_signature_is_denied ... ok
test ocsp::tests::verify::wrong_key_signature_is_denied ... ok
test ocsp::tests::verify::signed_good_is_admitted ... ok
test ocsp::tests::verify::signed_good_but_stale_is_denied ... ok
test ocsp::tests::verify::signed_good_for_wrong_certid_is_denied ... ok
test ocsp::tests::vetting_resolver_rejects_rebinding_to_internal_addresses ... ok
test pkcs11_keysource::tests::failed_retry_does_not_cache_the_session ... ok
test pkcs11_keysource::tests::fatal_error_is_not_retried ... ok
test pkcs11_keysource::tests::reopen_failure_after_invalid_fails_closed ... ok
test pkcs11_keysource::tests::sequential_signs_amortize_to_one_login ... ok
test pkcs11_keysource::tests::session_invalid_reopens_once_and_retries ... ok
test pkcs11_keysource::tests::the_tls_session_pool_amortizes_one_login_per_session ... ok
test pkcs11_keysource::tests::tls_spki_is_well_formed_rfc8410_and_round_trips ... ok
test push_trust::tests::channel_failure_falls_back_to_bounded_t_entry_still_served_until_expiry ... ok
test push_trust::tests::healthy_channel_with_no_pending_events_is_a_normal_cache_hit ... ok
test push_trust::tests::flush_all_evicts_every_cached_binding_forcing_re_resolve ... ok
test push_trust::tests::pushed_invalidation_rejects_the_key_before_t_elapses ... ok
test push_trust::tests::push_for_a_different_key_does_not_evict_the_active_entry ... ok
test pkcs11_keysource::tests::unverifiable_64byte_signature_is_rejected_before_emit ... ok
test redis_admission_source::tests::a_malformed_record_is_a_definitive_negative_not_an_outage ... ok
test redis_admission_source::tests::a_record_round_trips_through_its_wire_form ... ok
test push_trust::tests::store_outage_past_t_fails_closed_even_under_push_tier ... ok
test redis_admission_source::tests::the_record_is_legible_to_an_operator ... ok
test redis_store::tests::abandoned_connect_threads_are_bounded_by_a_ceiling_failing_closed ... ok
test redis_store::tests::fatal_error_does_not_reconnect ... ok
test redis_store::tests::injected_clock_drives_the_pre_store_staleness_gate ... ok
test redis_store::tests::injected_clock_makes_ttl_the_window_not_the_now_zero_epoch ... ok
test redis_store::tests::nonpositive_window_is_flagged_stale_pre_store ... ok
test redis_store::tests::reconnect_failure_after_transient_fails_closed ... ok
test redis_store::tests::the_build_can_open_a_tls_redis_endpoint ... ok
test redis_store::tests::transient_error_reconnects_and_retries ... ok
test redis_store::tests::transient_without_reconnect_stays_failed ... ok
test redis_store::tests::ttl_ms_clamps_to_minimal_when_already_expired ... ok
test redis_store::tests::ttl_ms_is_window_not_absolute_epoch ... ok
test redis_store::tests::wait_quorum_is_met_only_with_enough_acks ... ok
test redis_store::tests::wait_quorum_shortfall_fails_closed_with_fresh_nonce_contract ... ok
test reloading_trust::tests::the_shared_handle_observes_the_swap ... ok
test reloading_trust::tests::a_swapped_store_revokes_without_a_restart ... ok
test replay_tier::tests::a_tier_promising_wait_supplies_wait_params ... ok
test replay_tier::tests::every_tier_has_a_nonempty_guarantee ... ok
test replay_tier::tests::no_tier_claims_unconditional ... ok
test replay_tier::tests::parse_rejects_unknown_and_malformed ... ok
test replay_tier::tests::parse_round_trips_the_simple_tiers ... ok
test replay_tier::tests::parse_wait_quorum_extracts_quorum_and_timeout ... ok
test replay_tier::tests::startup_audit_line_carries_backend_tier_and_guarantee_no_nonce ... ok
test replay_tier::tests::strict_production_minimum_is_wait_quorum_or_stronger ... ok
test replay_tier::tests::tier_claim_ceiling_async_is_not_linearizable ... ok
test replay_tier::tests::wait_quorum_params_carry_the_parsed_quorum_and_timeout ... ok
test replay_tier::tests::wire_names_are_the_semantic_adr_names ... ok
test retained_evidence::tests::a_created_store_root_is_owner_only ... ok
test retained_evidence::tests::a_missing_object_is_absent_rather_than_an_error ... ok
test retained_evidence::tests::a_non_token_digest_cannot_escape_the_root ... ok
test retained_evidence::tests::opening_an_unwritable_directory_fails_at_open ... ok
test pkcs11_keysource::tests::the_tls_session_pool_signs_several_handshakes_at_once ... ok
test retained_evidence::tests::bytes_replaced_on_disk_are_refused_not_returned ... ok
test retained_evidence::tests::modified_evidence_gets_a_different_digest ... ok
test revocation_tier::tests::each_tier_surfaces_its_own_distinct_guarantee ... ok
test revocation_tier::tests::every_tier_has_a_nonempty_guarantee ... ok
test retained_evidence::tests::retained_bytes_come_back_under_their_digest ... ok
test retained_evidence::tests::retaining_the_same_bytes_twice_is_idempotent ... ok
test revocation_tier::tests::live_guarantee_is_near_zero_with_hard_availability_dependency ... ok
test revocation_tier::tests::no_tier_claims_a_zero_window_unless_proven ... ok
test revocation_tier::tests::parse_rejects_unknown_and_malformed ... ok
test revocation_tier::tests::parse_round_trips_each_tier ... ok
test revocation_tier::tests::push_guarantee_is_near_zero_with_bounded_fallback_not_zero_window ... ok
test revocation_tier::tests::startup_audit_line_carries_backend_tier_and_guarantee_no_key_material ... ok
test revocation_tier::tests::wire_names_are_the_semantic_adr_names ... ok
test shared_replay::tests::a_full_store_recovers_once_its_entries_expire ... ok
test shared_replay::tests::already_stale_request_rejected_pre_store_not_recorded_as_fresh ... ok
test shared_replay::tests::ceiling_fails_closed_when_full ... ok
test shared_replay::tests::cross_instance_insert_via_a_is_replay_via_b ... ok
test shared_replay::tests::distinct_tuples_do_not_alias ... ok
test shared_replay::tests::durability_class_delegates_to_backing_store ... ok
test shared_replay::tests::fresh_then_replay_single_instance ... ok
test retained_evidence::tests::the_writability_probe_leaves_nothing_in_the_store ... ok
test shared_replay::tests::nonpositive_window_is_flagged_stale_pre_store ... ok
test shared_replay::tests::skew_folded_into_retain_until_matches_in_memory_semantics ... ok
test shared_replay::tests::store_error_converts_to_cache_unavailable ... ok
test shared_replay::tests::stale_request_via_shared_cache_fails_closed ... ok
test shared_replay::tests::store_error_fails_closed_as_unavailable ... ok
test retained_evidence::tests::a_truncated_object_is_rewritten_rather_than_reported_as_retained ... ok
test shared_replay::tests::the_inline_sweep_uses_the_same_boundary_as_the_explicit_prune ... ok
test tls::aggregate_deadline_tests::disabled_deadline_does_not_cut_off_a_completing_read ... ok
test tls::content_length_framing_tests::absent_content_length_is_a_zero_length_body ... ok
test tls::content_length_framing_tests::duplicate_content_length_is_rejected ... ok
test tls::content_length_framing_tests::duplicate_content_length_same_value_is_still_rejected ... ok
test tls::content_length_framing_tests::negative_content_length_is_rejected ... ok
test tls::content_length_framing_tests::single_valid_content_length_parses ... ok
test tls::content_length_framing_tests::unparseable_content_length_is_rejected ... ok
test tls::identity_parity_tests::bare_cr_in_header_section_is_rejected ... ok
test tls::identity_parity_tests::bare_lf_line_ending_is_rejected ... ok
test tls::identity_parity_tests::obs_fold_continuation_line_is_rejected ... ok
test tls::identity_parity_tests::explicit_cn_field_still_equals_direct_tls_cn ... ok
test tls::identity_parity_tests::cn_legacy_identity_is_equal_across_direct_tls_and_xfcc ... ok
test tls::identity_parity_tests::well_formed_strict_crlf_request_is_accepted ... ok
test tls::lifetime_tests::absent_leaf_is_admitted_only_when_no_ceiling_is_configured ... ok
test retained_evidence::tests::temp_residue_from_an_interrupted_write_does_not_block_a_later_put ... ok
test tls::lifetime_tests::garbage_bytes_are_none ... ok
test tls::lifetime_tests::absent_leaf_is_rejected_when_a_lifetime_ceiling_is_configured ... ok
test tls::lifetime_tests::inverted_validity_window_is_none_and_fails_closed ... ok
test tls::lifetime_tests::normal_validity_window_yields_positive_span ... ok
test tls::lifetime_tests::a_leaf_past_not_after_is_rejected_however_short_its_span ... ok
test retained_evidence::tests::staging_the_same_object_concurrently_leaves_one_object_and_no_residue ... ok
test tls::lifetime_tests::routing_header_rejection_fails_closed_on_bad_headers_only ... ok
test tls::lifetime_tests::zero_length_validity_window_is_none_and_fails_closed ... ok
test transparency::tests::a_signature_parameter_cannot_widen_the_covered_set ... ok
test tls::lifetime_tests::within_limit_leaf_is_admitted_and_over_long_leaf_is_rejected ... ok
test redis_store::tests::one_stalled_connect_strands_at_most_one_permit ... ok
test transparency::tests::a_retained_exchange_comes_back_byte_identical ... ok
test tls::aggregate_deadline_tests::aggregate_deadline_fires_on_sub_per_read_trickle ... ok
test transparency::tests::a_chain_with_a_missing_hop_is_refused_rather_than_reconstructed ... ok
test transport::tests::absent_header_yields_none ... ok
test transport::tests::asserted_identity_accepts_a_well_formed_value_and_trims ... ok
test transparency::tests::an_acknowledged_write_is_already_at_its_final_name ... ok
test transparency::tests::a_reservation_marker_is_durable_before_dispatch_and_cleared_after ... ok
test transport::tests::asserted_identity_rejects_control_characters ... ok
test transparency::tests::a_record_without_the_schema_token_is_refused ... ok
test transport::tests::asserted_identity_rejects_empty ... ok
test transport::tests::duplicate_routing_header_fails_closed ... ok
test transport::tests::asserted_identity_rejects_oversized ... ok
test transport::tests::duplicated_trust_header_yields_none ... ok
test transport::tests::empty_header_yields_none ... ok
test transport::tests::empty_routing_header_fails_closed ... ok
test transport::tests::exact_match_binds_equal_signer_and_identity ... ok
test transport::tests::exact_match_rejects_mismatch_and_absence ... ok
test transparency::tests::only_the_signed_headers_are_retained ... ok
test transport::tests::lb_assertion_guarantee_is_not_end_to_end_mtls ... ok
test transport::tests::lb_assertion_bad_signature_is_rejected ... ok
test transport::tests::lb_assertion_bound_to_in_hand_request_is_accepted ... ok
test transport::tests::lb_assertion_cross_request_is_rejected ... ok
test transport::tests::lb_assertion_implausibly_future_is_rejected ... ok
test transport::tests::lb_assertion_signing_preimage_is_length_prefixed_and_unambiguous ... ok
test transport::tests::lb_assertion_malformed_framing_is_rejected ... ok
test transport::tests::lb_assertion_malformed_identity_shape_is_rejected ... ok
test transport::tests::lb_assertion_stale_is_rejected ... ok
test transport::tests::lb_assertion_tampered_identity_breaks_signature ... ok
test transparency::tests::a_full_reservation_queue_is_refused_at_reserve_and_the_slot_returns ... ok
test transport::tests::mapped_binding_has_no_wildcard_semantics ... ok
test transport::tests::mapped_binding_honours_the_allow_set ... ok
test transport::tests::malformed_routing_header_fails_closed ... ok
test transport::tests::lb_assertion_unknown_key_id_is_rejected ... ok
test transport::tests::lb_assertion_wrong_in_hand_hash_is_rejected ... ok
test transport::tests::mapped_binding_matches_are_exact_and_case_sensitive ... ok
test transport::tests::plain_header_lookup_is_case_insensitive_and_trims ... ok
test transport::tests::plain_header_yields_identity_with_configured_source ... ok
test transport::tests::request_headers_parse_skips_request_line_and_is_case_insensitive ... ok
test transport::tests::reverse_proxy_identity_feeds_the_binding_policy_unchanged ... ok
test transport::tests::reverse_proxy_plain_provider_fails_closed_on_malformed_value ... ok
test transport::tests::routing_headers_absent_pass ... ok
test transport::tests::routing_headers_well_formed_pass ... ok
test transport::tests::static_provider_yields_its_identity_ignoring_request ... ok
test transport::tests::v2_guarantee_is_attested_delegation_not_end_to_end ... ok
test transport::tests::v2_domain_tag_differs_from_v1_and_preimage_is_disjoint ... ok
test transport::tests::v2_audience_mismatch_is_rejected ... ok
test transport::tests::v2_bad_signature_is_rejected ... ok
test transport::tests::v2_cross_request_is_rejected ... ok
test transport::tests::v2_expiry_is_enforced_but_future_expiry_is_accepted ... ok
test transport::tests::v2_malformed_enum_discriminant_is_rejected ... ok
test transport::tests::v2_signing_preimage_is_length_prefixed_and_unambiguous ... ok
test transport::tests::v2_malformed_framing_is_rejected ... ok
test transport::tests::v2_stale_and_future_are_rejected ... ok
test transport::tests::v2_recorded_facts_admission_fails_closed ... ok
test transport::tests::v2_tampered_field_breaks_signature ... ok
test transparency::tests::retaining_the_same_exchange_twice_yields_one_object ... ok
test transport::tests::v2_to_wire_round_trips_through_parse ... ok
test transport::tests::v2_unknown_key_id_is_rejected ... ok
test transport::tests::v2_untrusted_ingress_identity_is_rejected ... ok
test transport::tests::v2_valid_assertion_is_accepted_and_records_facts ... ok
test transport::tests::xfcc_conflicting_entries_yield_none ... ok
test transport::tests::xfcc_control_character_value_yields_none ... ok
test transport::tests::xfcc_dns_field_yields_dns_san ... ok
test transport::tests::xfcc_explicit_cn_field_yields_common_name ... ok
test transport::tests::xfcc_identity_sourced_only_from_element_carrying_the_field ... ok
test transport::tests::xfcc_malformed_value_yields_none ... ok
test transport::tests::xfcc_missing_selected_field_yields_none ... ok
test transport::tests::xfcc_oversized_value_yields_none ... ok
test transport::tests::xfcc_repeated_identical_field_is_accepted ... ok
test transport::tests::xfcc_subject_cn_invalid_utf8_byte_escape_yields_none ... ok
test transparency::tests::completion_is_never_refused_for_capacity ... ok
test transport::tests::xfcc_subject_cn_is_extracted_regardless_of_attribute_order ... ok
test transport::tests::xfcc_subject_cn_rfc2253_hex_byte_escape_is_decoded ... ok
test transport::tests::xfcc_subject_field_yields_common_name ... ok
test transport::tests::xfcc_subject_with_escaped_comma_in_cn_is_extracted ... ok
test transport::tests::xfcc_subject_without_cn_yields_none ... ok
test transport::tests::xfcc_unterminated_quote_fails_closed ... ok
test transport::tests::xfcc_uri_field_yields_uri_san ... ok
test trust_cache::tests::active_hit_within_window_does_not_consult_inner ... ok
test trust_cache::tests::active_re_resolves_after_window ... ok
test trust_cache::tests::compose_key_is_injective_across_delimiter_containing_pairs ... ok
test trust_cache::tests::evict_drops_an_in_window_entry_forcing_re_resolution ... ok
test trust_cache::tests::no_indefinite_stale_active_past_window_fails_closed ... ok
test trust_cache::tests::active_then_source_down_within_window_still_serves_cached ... ok
test trust_cache::tests::expired_entries_are_swept_rather_than_merely_ignored ... ok
test trust_cache::tests::restart_empty_cache_with_source_down_fails_closed ... ok
test trust_cache::tests::past_the_ceiling_the_cache_stops_caching_but_keeps_answering ... ok
test trust_cache::tests::not_found_uses_short_ttl_so_a_new_key_propagates ... ok
test trust_cache::tests::prune_evicts_closed_windows ... ok
test trust_cache::tests::revoked_is_cached_and_denies ... ok
test trust_cache::tests::strictest_applicable_t_picks_the_tightest_window ... ok
test trust_cache::tests::t_exceeds_recommended_max_flags_long_windows ... ok
test trust_cache::tests::unavailable_is_not_cached_and_fails_closed ... ok
test trust_epoch::tests::a_poller_that_never_ran_is_not_healthy ... ok
test durable_replay::tests::persisted_file_is_always_valid_json_after_insert ... ok
test trust_epoch::tests::a_poisoned_queue_still_delivers_the_flush ... ok
test trust_epoch::tests::draining_does_not_read_the_store ... ok
test trust_epoch::tests::epoch_advance_emits_a_single_flush_all ... ok
test trust_epoch::tests::first_poll_establishes_baseline_without_flush ... ok
test trust_epoch::tests::one_epoch_read_cannot_consume_the_rotation_overlap ... ok
test trust_epoch::tests::a_directly_driven_source_is_not_subject_to_the_liveness_bound ... ok
test trust_epoch::tests::read_error_marks_unhealthy_and_emits_nothing ... ok
test trust_epoch::tests::recovery_after_outage_catches_an_epoch_that_advanced_during_it ... ok
test trust_epoch::tests::a_source_that_stops_being_polled_stops_reporting_healthy ... ok
test redis_store::tests::stalled_redis_fails_closed_within_timeout_not_hang ... ok
test durable_replay::tests::inline_prune_anchors_on_real_clock_not_request_expiry ... ok
test durable_replay::tests::inline_prune_never_evicts_a_live_entry ... ok
test transparency::tests::the_fsync_does_not_run_on_the_runtime_worker ... ok
test durable_replay::tests::streaming_fresh_nonces_prunes_inline_without_explicit_prune ... ok

test result: ok. 626 passed; 0 failed; 0 ignored; 0 measured; 0 filtered out; finished in 5.97s

     Running unittests src/main.rs (target/debug/deps/mcp_re_proxy-0e522d6d4dd7b88d)

running 0 tests

test result: ok. 0 passed; 0 failed; 0 ignored; 0 measured; 0 filtered out; finished in 0.00s

     Running tests/admission_currency_serving_test.rs (target/debug/deps/admission_currency_serving_test-4fe810578dd38153)

running 13 tests
test an_unreachable_authority_fails_closed_by_default ... ok
test an_assertion_from_an_untrusted_authority_is_refused ... ok
test a_binding_naming_another_workload_does_not_borrow_its_admission ... ok
test a_revoked_workload_is_refused_though_its_assertion_is_still_valid ... ok
test a_current_admitted_workload_is_served ... ok
test a_replica_that_never_reached_the_authority_does_not_enter_degraded_mode ... ok
test a_superseded_generation_is_refused_before_the_backend_runs ... ok
test a_generation_ahead_of_the_authority_is_refused ... ok
test an_unknown_workload_is_refused_not_routed_into_degraded_mode ... ok
test a_call_without_admission_evidence_is_refused_when_required_and_served_when_optional ... ok
test an_assertion_issued_to_another_actor_does_not_admit_this_caller ... ok
test a_revocation_on_the_shared_source_is_honoured_by_a_replica_that_never_saw_the_workload ... ok
test an_unreachable_authority_serves_within_p_and_fails_closed_past_it ... ok

test result: ok. 13 passed; 0 failed; 0 ignored; 0 measured; 0 filtered out; finished in 0.01s

     Running tests/admission_propagation_measure_test.rs (target/debug/deps/admission_propagation_measure_test-cd1aa75e5ef739c4)

running 1 test
test a_revocation_reaches_a_sibling_replica_within_the_declared_p_bound ... ok

test result: ok. 1 passed; 0 failed; 0 ignored; 0 measured; 0 filtered out; finished in 0.00s

     Running tests/async_drain_test.rs (target/debug/deps/async_drain_test-d42b5f3da4c7b8f0)

running 7 tests
test idle_drain_returns_promptly ... ok
test ordinary_header_values_still_reach_the_handler ... ok
test a_non_utf8_header_value_is_refused_at_the_boundary ... ok
test a_duplicated_non_utf8_header_is_refused_rather_than_silently_deduplicated ... ok
test in_flight_request_completes_during_drain_zero_abandoned ... ok
test saturated_drain_completes_all_in_flight_zero_abandoned ... ok
test stuck_request_cannot_delay_exit_past_grace ... ok

test result: ok. 7 passed; 0 failed; 0 ignored; 0 measured; 0 filtered out; finished in 0.63s

     Running tests/async_replay_test.rs (target/debug/deps/async_replay_test-e76e0718dcf71f58)

running 5 tests
test l1_fast_rejects_known_replay_without_consulting_l2_again ... ok
test l1_eviction_never_causes_a_false_fresh ... ok
test l2_outage_fails_closed_and_recovers_clean ... ok
test distinct_keys_are_each_fresh_once ... ok
test cross_core_exactly_one_fresh_under_concurrency ... ok

test result: ok. 5 passed; 0 failed; 0 ignored; 0 measured; 0 filtered out; finished in 0.00s

     Running tests/aws_irsa_web_identity_test.rs (target/debug/deps/aws_irsa_web_identity_test-0250f68db6350481)

running 12 tests
test a_pod_that_is_not_under_irsa_is_told_which_variable_is_missing ... ok
test an_out_of_grammar_session_name_is_refused_at_construction ... ok
test the_default_sts_endpoint_is_regional ... ok
test an_empty_role_arn_is_refused_rather_than_posted_as_a_blank_role ... ok
test a_missing_token_file_fails_closed_rather_than_falling_back_to_the_environment ... ok
test a_credential_inside_the_refresh_margin_is_re_exchanged ... ok
test an_sts_rejection_fails_closed_and_names_the_role ... ok
test a_malformed_sts_body_fails_closed ... ok
test a_live_credential_is_cached_rather_than_re_exchanged_per_call ... ok
test an_empty_token_file_is_refused_rather_than_posted ... ok
test the_token_file_is_re_read_on_every_exchange_not_cached_at_construction ... ok
test the_projected_token_is_exchanged_for_temporary_credentials ... ok

test result: ok. 12 passed; 0 failed; 0 ignored; 0 measured; 0 filtered out; finished in 0.26s

     Running tests/aws_kms_delegated_required_live_test.rs (target/debug/deps/aws_kms_delegated_required_live_test-cc3cd9ea7f563d61)

running 4 tests
test aws_kms_authority_flip_live ... ignored, requires a live AWS KMS (run with --ignored and MCP_RE_AWS_KMS_* + AWS creds set)
test aws_kms_delegated_required_serving_live ... ignored, requires a live AWS KMS (run with --ignored and MCP_RE_AWS_KMS_* + AWS creds set)
test aws_kms_authority_flip_offline_local_seed ... ok
test aws_kms_delegated_required_serving_offline_local_seed ... ok

test result: ok. 2 passed; 0 failed; 2 ignored; 0 measured; 0 filtered out; finished in 0.11s

     Running tests/aws_kms_delegated_signing_live_test.rs (target/debug/deps/aws_kms_delegated_signing_live_test-bfd60d8fe6f6c937)

running 2 tests
test aws_kms_delegated_signing_live ... ignored, requires a live or emulated AWS KMS (run with --ignored and MCP_RE_AWS_KMS_* set)
test aws_kms_delegated_signing_offline_local_seed ... ok

test result: ok. 1 passed; 0 failed; 1 ignored; 0 measured; 0 filtered out; finished in 0.03s

     Running tests/aws_kms_delegated_tls_live_test.rs (target/debug/deps/aws_kms_delegated_tls_live_test-ca955689ed88a4bf)

running 3 tests
test aws_kms_delegated_tls_handshake_round_trip ... ignored, requires a live or emulated AWS KMS (run with --ignored and MCP_RE_AWS_KMS_* set)
test aws_kms_delegated_tls_untrusted_client_rejected ... ignored, requires a live or emulated AWS KMS (run with --ignored and MCP_RE_AWS_KMS_* set)
test aws_kms_delegated_tls_wrong_key_binding_fails_closed ... ignored, requires a live or emulated AWS KMS (run with --ignored and MCP_RE_AWS_KMS_* set)

test result: ok. 0 passed; 0 failed; 3 ignored; 0 measured; 0 filtered out; finished in 0.07s

     Running tests/aws_kms_http_profile_live_test.rs (target/debug/deps/aws_kms_http_profile_live_test-9f702a3672af142e)

running 4 tests
test aws_kms_http_profile_request_live ... ignored, requires a live or emulated AWS KMS (run with --ignored and MCP_RE_AWS_KMS_* set)
test aws_kms_http_profile_response_live ... ignored, requires a live or emulated AWS KMS (run with --ignored and MCP_RE_AWS_KMS_* set)
test aws_kms_http_profile_response_offline_local_seed ... ok
test aws_kms_http_profile_request_offline_local_seed ... ok

test result: ok. 2 passed; 0 failed; 2 ignored; 0 measured; 0 filtered out; finished in 0.09s

     Running tests/aws_kms_live_test.rs (target/debug/deps/aws_kms_live_test-304fbc965862e036)

running 1 test
test aws_kms_signature_verifies_under_mcp_re_core ... ignored, requires a live or emulated AWS KMS (run with --ignored and MCP_RE_AWS_KMS_* + AWS creds set)

test result: ok. 0 passed; 0 failed; 1 ignored; 0 measured; 0 filtered out; finished in 0.02s

     Running tests/aws_kms_root_rotation_live_test.rs (target/debug/deps/aws_kms_root_rotation_live_test-ac31c1443c2f622b)

running 1 test
test aws_kms_root_rotation_live ... ignored, requires two DISPOSABLE live AWS KMS Ed25519 keys; run via docs/security/aws-kms-root-rotation.sh

test result: ok. 0 passed; 0 failed; 1 ignored; 0 measured; 0 filtered out; finished in 0.02s

     Running tests/config_snapshot_hot_reload_test.rs (target/debug/deps/config_snapshot_hot_reload_test-d33531122a5c2a0f)

running 1 test
test swapped_server_config_is_in_force_on_the_next_connection ... ok

test result: ok. 1 passed; 0 failed; 0 ignored; 0 measured; 0 filtered out; finished in 0.11s

     Running tests/cpstore_etcd_e2e_test.rs (target/debug/deps/cpstore_etcd_e2e_test-0f5bbe49f947307f)

running 3 tests
test cross_node_insert_via_a_is_replay_via_b ... ok
test live_lease_ttl_is_bounded_window_not_absolute_epoch ... ok
test single_node_fresh_then_replay ... ok

test result: ok. 3 passed; 0 failed; 0 ignored; 0 measured; 0 filtered out; finished in 0.08s

     Running tests/delegated_client_server_e2e_test.rs (target/debug/deps/delegated_client_server_e2e_test-e5d3ff96a4e551f8)

running 15 tests
test revoked_server_delegated_key_is_refused_by_client ... ok
test a_pin_on_the_wrong_issuer_kid_fails_closed ... ok
test a_pin_on_the_root_issuer_kid_verifies ... ok
test plain_client_round_trips_through_delegated_required_server ... ok
test an_accepted_request_emits_accepted_then_signed_with_the_resolved_actor ... ok
test serving_without_an_audit_sink_still_round_trips ... ok
test non_revoked_client_still_round_trips ... ok
test a_replay_emits_exactly_one_rejection_carrying_the_frozen_wire_code ... ok
test replayed_request_yields_a_verified_delegated_rejection ... ok
test the_issuer_pin_survives_a_delegated_key_rotation ... ok
test a_replayed_older_manifest_cannot_un_revoke_a_root ... ok
test a_manifest_revoked_root_fails_the_round_trip_closed ... ok
test a_manifest_revoked_root_refuses_the_notification_acknowledgement_too ... ok
test an_anchored_route_verifies_the_signed_202_that_acknowledges_a_notification ... ok
test a_manifest_published_root_verifies_a_real_round_trip ... ok

test result: ok. 15 passed; 0 failed; 0 ignored; 0 measured; 0 filtered out; finished in 0.35s

     Running tests/delegated_production_wiring_test.rs (target/debug/deps/delegated_production_wiring_test-4f031dd6d7c20081)

running 1 test
test delegated_required_wiring_serves_verifies_and_rotates ... ok

test result: ok. 1 passed; 0 failed; 0 ignored; 0 measured; 0 filtered out; finished in 0.04s

     Running tests/delegated_serving_test.rs (target/debug/deps/delegated_serving_test-866d28f63ef0ed84)

running 9 tests
test direct_root_response_rejected_in_delegated_required_mode ... ok
test a_request_that_cannot_be_answered_never_reaches_the_backend ... ok
test missing_delegated_key_fails_closed ... ok
test the_client_cores_own_notification_envelope_earns_a_202 ... ok
test a_notification_is_served_a_verifiable_delegated_202 ... ok
test the_client_facing_crate_can_verify_the_202_the_server_emits ... ok
test delegated_preflight_rejection_verifies_unbound ... ok
test delegated_bound_rejection_verifies ... ok
test delegated_success_response_verifies_and_root_touched_once ... ok

test result: ok. 9 passed; 0 failed; 0 ignored; 0 measured; 0 filtered out; finished in 0.27s

     Running tests/dev_env_key_source_test.rs (target/debug/deps/dev_env_key_source_test-3aacb465dcea1b99)

running 4 tests
test zeroize_on_drop_invokes_zeroize ... ok
test env_key_error_does_not_leak_seed ... ok
test env_source_signs_without_mutating_process_env ... ok
test seed_temporaries_are_zeroizing_typed ... ok

test result: ok. 4 passed; 0 failed; 0 ignored; 0 measured; 0 filtered out; finished in 0.08s

     Running tests/fault_injection_test.rs (target/debug/deps/fault_injection_test-3562024e5e8b7887)

running 0 tests

test result: ok. 0 passed; 0 failed; 0 ignored; 0 measured; 0 filtered out; finished in 0.00s

     Running tests/gcp_kms_delegated_required_live_test.rs (target/debug/deps/gcp_kms_delegated_required_live_test-1973e0c0d8af2f5e)

running 4 tests
test gcp_kms_authority_flip_live ... ignored, requires a live or emulated GCP Cloud KMS (run with --ignored and MCP_RE_GCP_* set)
test gcp_kms_delegated_required_serving_live ... ignored, requires a live or emulated GCP Cloud KMS (run with --ignored and MCP_RE_GCP_* set)
test gcp_kms_authority_flip_offline_local_seed ... ok
test gcp_kms_delegated_required_serving_offline_local_seed ... ok

test result: ok. 2 passed; 0 failed; 2 ignored; 0 measured; 0 filtered out; finished in 0.07s

     Running tests/gcp_kms_delegated_signing_live_test.rs (target/debug/deps/gcp_kms_delegated_signing_live_test-a8cc688afb774f90)

running 2 tests
test gcp_kms_delegated_signing_live ... ignored, requires a live or emulated GCP Cloud KMS (run with --ignored and MCP_RE_GCP_* set)
test gcp_kms_delegated_signing_offline_local_seed ... ok

test result: ok. 1 passed; 0 failed; 1 ignored; 0 measured; 0 filtered out; finished in 0.03s

     Running tests/gcp_kms_delegated_tls_live_test.rs (target/debug/deps/gcp_kms_delegated_tls_live_test-e25ce49f6a316ab3)

running 3 tests
test gcp_kms_delegated_tls_handshake_round_trip ... ignored, requires a live or emulated GCP Cloud KMS Ed25519 TLS key (run with --ignored and MCP_RE_GCP_* set)
test gcp_kms_delegated_tls_untrusted_client_rejected ... ignored, requires a live or emulated GCP Cloud KMS Ed25519 TLS key (run with --ignored and MCP_RE_GCP_* set)
test gcp_kms_delegated_tls_wrong_key_binding_fails_closed ... ignored, requires a live or emulated GCP Cloud KMS Ed25519 TLS key (run with --ignored and MCP_RE_GCP_* set)

test result: ok. 0 passed; 0 failed; 3 ignored; 0 measured; 0 filtered out; finished in 0.08s

     Running tests/gcp_kms_http_profile_live_test.rs (target/debug/deps/gcp_kms_http_profile_live_test-d67e634b2eaae196)

running 4 tests
test gcp_kms_http_profile_request_live ... ignored, requires a live or emulated GCP Cloud KMS (run with --ignored and MCP_RE_GCP_* set)
test gcp_kms_http_profile_response_live ... ignored, requires a live or emulated GCP Cloud KMS (run with --ignored and MCP_RE_GCP_* set)
test gcp_kms_http_profile_response_offline_local_seed ... ok
test gcp_kms_http_profile_request_offline_local_seed ... ok

test result: ok. 2 passed; 0 failed; 2 ignored; 0 measured; 0 filtered out; finished in 0.09s

     Running tests/gcp_kms_live_test.rs (target/debug/deps/gcp_kms_live_test-ee7d65bf65bb894e)

running 2 tests
test gcp_kms_non_ed25519_key_rejected ... ignored, requires a provisioned non-Ed25519 GCP key version (MCP_RE_GCP_KEY_VERSION_RSA)
test gcp_kms_signature_verifies_under_mcp_re_core ... ignored, requires a live or emulated GCP Cloud KMS (run with --ignored and MCP_RE_GCP_* set)

test result: ok. 0 passed; 0 failed; 2 ignored; 0 measured; 0 filtered out; finished in 0.05s

     Running tests/gcp_kms_root_rotation_live_test.rs (target/debug/deps/gcp_kms_root_rotation_live_test-f123d688ec39b8cd)

running 1 test
test gcp_kms_root_rotation_live ... ignored, requires two DISPOSABLE live Cloud KMS Ed25519 key versions; run via docs/security/gcp-kms-root-rotation.sh

test result: ok. 0 passed; 0 failed; 1 ignored; 0 measured; 0 filtered out; finished in 0.05s

     Running tests/http_inner_test.rs (target/debug/deps/http_inner_test-aff1a61008990fe6)

running 11 tests
test empty_backend_list_fails_closed_at_construction ... ok
test dead_backend_fails_closed_with_error_response ... ok
test dispatch_returns_backend_response_verbatim ... ok
test non_2xx_status_fails_closed ... ok
test all_backends_open_fails_closed_without_dispatching ... ok
test round_robin_spreads_across_backends ... ok
test failing_backend_is_ejected_and_traffic_rebalances_to_healthy ... ok
test pool_exhaustion_fails_closed_immediately_without_queuing ... ok
test concurrent_dispatches_are_in_flight_together_not_serialized ... ok
test ejected_backend_is_readmitted_after_cooldown_probe_succeeds ... ok
test slow_backend_is_ejected_and_does_not_stall_the_plane ... ok

test result: ok. 11 passed; 0 failed; 0 ignored; 0 measured; 0 filtered out; finished in 0.66s

     Running tests/http_profile_dispatch_test.rs (target/debug/deps/http_profile_dispatch_test-87a822be52ab63b6)

running 8 tests
test fleet_strict_refuses_redis_async_tier ... ok
test fleet_strict_refuses_single_store_fail_closed_tier ... ok
test core_single_process_gate_fires_beneath_an_acceptable_tier ... ok
test non_fleet_strict_skips_the_tier_gate_but_keeps_core_admission ... ok
test http_profile_request_flows_verify_dispatch_serve_end_to_end ... ok
test fleet_strict_admits_redis_wait_quorum_tier ... ok
test fleet_strict_refuses_undeclared_tier ... ok
test fleet_strict_admits_linearizable_tier ... ok

test result: ok. 8 passed; 0 failed; 0 ignored; 0 measured; 0 filtered out; finished in 0.25s

     Running tests/key_source_test.rs (target/debug/deps/key_source_test-a2c13f0db06189ba)

running 6 tests
test file_source_missing_file_is_not_found ... ok
test env_source_missing_var_is_not_found ... ok
test env_source_loads_all_material ... ok
test file_source_bad_seed_is_malformed ... ok
test key_errors_never_leak_secret_material ... ok
test file_source_loads_all_material ... ok

test result: ok. 6 passed; 0 failed; 0 ignored; 0 measured; 0 filtered out; finished in 0.18s

     Running tests/mrt_continuation_serving_test.rs (target/debug/deps/mrt_continuation_serving_test-bb5d9931bef38a7e)

running 12 tests
test a_terminal_reply_is_not_caught_by_the_stricter_classification ... ok
test an_unrecognized_result_type_is_refused_without_a_continuation_store ... ok
test answer_without_a_shared_store_entry_fails_closed ... ok
test write_unrecognized_result_type_sdk_fixture ... ok
test write_malformed_elicitation_sdk_fixture ... ok
test a_well_formed_open_leg_is_still_served_and_recorded ... ok
test tampered_request_state_breaks_the_binding ... ok
test an_answer_that_fails_the_binding_leaves_the_continuation_answerable ... ok
test a_second_actor_cannot_touch_the_first_actors_continuation ... ok
test an_unrecognized_result_type_is_refused_before_it_is_signed ... ok
test an_open_leg_that_withholds_its_request_state_is_refused_not_served_as_terminal ... ok
test continuation_opened_on_a_is_honoured_on_b ... ok

test result: ok. 12 passed; 0 failed; 0 ignored; 0 measured; 0 filtered out; finished in 0.27s

     Running tests/mtls_client_leg_e2e_test.rs (target/debug/deps/mtls_client_leg_e2e_test-e3fc5e3c898def56)

running 3 tests
test an_untrusted_server_certificate_stops_the_signed_request_at_the_client ... ok
test signed_request_and_bound_response_survive_a_real_mtls_hop ... ok
test a_replay_returns_a_verified_rejection_receipt_over_the_real_hop ... ok

test result: ok. 3 passed; 0 failed; 0 ignored; 0 measured; 0 filtered out; finished in 0.14s

     Running tests/mtls_transport_binding_test.rs (target/debug/deps/mtls_transport_binding_test-11127fd95c9a5832)

running 3 tests
test mtls_bound_request_over_plain_http_fails_closed ... ok
test request_relayed_onto_a_different_mtls_channel_fails_closed ... ok
test request_over_its_own_mtls_channel_verifies ... ok

test result: ok. 3 passed; 0 failed; 0 ignored; 0 measured; 0 filtered out; finished in 0.05s

     Running tests/ocsp_e2e_test.rs (target/debug/deps/ocsp_e2e_test-c7dc5b2bb7967a9b)

running 1 test
test live_responder_reports_good_and_revoked_without_restart ... ok

test result: ok. 1 passed; 0 failed; 0 ignored; 0 measured; 0 filtered out; finished in 0.03s

     Running tests/per_request_revocation_test.rs (target/debug/deps/per_request_revocation_test-cdf7fe0870b17512)

running 5 tests
test every_request_on_a_warm_connection_is_checked_not_just_the_first ... ok
test revoking_an_intermediate_refuses_the_next_request_on_an_open_connection ... ok
test a_peer_absent_from_the_crl_keeps_being_served_across_the_reload ... ok
test a_reloaded_crl_refuses_the_next_request_on_an_already_open_connection ... ok
test an_unrevoked_intermediate_keeps_its_peers_served ... ok

test result: ok. 5 passed; 0 failed; 0 ignored; 0 measured; 0 filtered out; finished in 0.15s

     Running tests/pkcs11_keysource_e2e_test.rs (target/debug/deps/pkcs11_keysource_e2e_test-6c69cbdbca6b7b64)

running 6 tests
test pkcs11_tls_cert_signer_mismatch_fails_closed ... ok
test pkcs11_tls_delegated_signer_none_then_some ... ok
test pkcs11_sign_verifies_against_token_public_key ... ok
test pkcs11_tls_multiple_objects_fails_closed ... ok
test pkcs11_tls_non_ed25519_fails_closed ... ok
test pkcs11_tls_full_mtls_handshake_token_resident_no_disk_read ... ok

test result: ok. 6 passed; 0 failed; 0 ignored; 0 measured; 0 filtered out; finished in 1.19s

     Running tests/redis_continuation_e2e_test.rs (target/debug/deps/redis_continuation_e2e_test-81ba48aaf9d2f6e0)

running 3 tests
test one_actors_continuation_is_not_reachable_by_another ... ok
test a_recorded_continuation_carries_a_bounded_ttl ... ok
test peek_is_non_destructive_and_consume_is_one_shot_across_replicas ... ok

test result: ok. 3 passed; 0 failed; 0 ignored; 0 measured; 0 filtered out; finished in 0.13s

     Running tests/redis_replay_e2e_test.rs (target/debug/deps/redis_replay_e2e_test-8155f1a34d279716)

running 5 tests
test cross_node_insert_via_a_is_replay_via_b ... ok
test live_pttl_is_bounded_window_not_absolute_epoch ... ok
test single_node_fresh_then_replay ... ok
test wait_quorum_shortfall_and_recovery_against_a_replica ... ok
test async_wait_quorum_shortfall_fails_closed_against_a_replica ... ok

test result: ok. 5 passed; 0 failed; 0 ignored; 0 measured; 0 filtered out; finished in 0.12s

     Running tests/redis_trust_epoch_e2e_test.rs (target/debug/deps/redis_trust_epoch_e2e_test-0a8eaac909223690)

running 2 tests
test epoch_advance_on_redis_is_detected_as_flush_all ... ok
test serving_path::revocation_takes_effect_on_a_sibling_replica_when_the_epoch_advances ... ok

test result: ok. 2 passed; 0 failed; 0 ignored; 0 measured; 0 filtered out; finished in 0.06s

     Running tests/replay_race_harness_test.rs (target/debug/deps/replay_race_harness_test-7a3273f25dc6d2be)

running 13 tests
test cross_core_same_key_admits_exactly_one_fresh_redis ... ok
test cross_core_same_key_admits_exactly_one_fresh_redis_async ... ok
test cross_core_same_key_admits_exactly_one_fresh_etcd ... ok
test cross_core_same_key_admits_exactly_one_fresh_etcd_async ... ok
test http_profile_full_stack::serving_path_admits_exactly_one_over_live_redis ... ok
test http_profile_full_stack::two_replicas_share_one_live_redis_admission ... ok
test http_profile_full_stack::serving_path_admits_exactly_one_over_live_etcd ... ok
test shared_cache_cross_replica_admit_via_a_is_replay_via_b ... ok
test shared_cache_first_is_fresh_then_replay ... ok
test http_profile_full_stack::serving_path_admits_exactly_one_in_memory ... ok
test store_unavailable_admits_zero_fresh_fail_closed ... ok
test cross_replica_shared_store_admits_exactly_one_fresh_in_memory ... ok
test cross_core_same_key_admits_exactly_one_fresh_in_memory ... ok

test result: ok. 13 passed; 0 failed; 0 ignored; 0 measured; 0 filtered out; finished in 0.25s

     Running tests/revocation_serving_wiring_test.rs (target/debug/deps/revocation_serving_wiring_test-80fa3d69bb6f01a8)

running 9 tests
test a_resolver_outage_is_reported_as_unavailable_not_as_a_binding_failure ... ok
test the_production_resolver_surfaces_a_store_outage ... ok
test unavailable_tier_fails_closed_and_is_never_softened_to_an_allow ... ok
test revoked_binding_yields_no_actor ... ok
test revocation_takes_effect_without_a_restart ... ok
test active_binding_resolves_the_key_the_tier_returns ... ok
test not_found_and_malformed_yield_no_actor ... ok
test rotated_key_is_served_from_the_tier ... ok
test slot_discipline_holds ... ok

test result: ok. 9 passed; 0 failed; 0 ignored; 0 measured; 0 filtered out; finished in 0.27s

     Running tests/rfc9421_round_trip_test.rs (target/debug/deps/rfc9421_round_trip_test-977c12d0531e18b9)

running 2 tests
test rfc9421_round_trip_zero_object_evidence ... ok
test replayed_request_is_rejected ... ok

test result: ok. 2 passed; 0 failed; 0 ignored; 0 measured; 0 filtered out; finished in 0.05s

     Running tests/root_authority_manifest_test.rs (target/debug/deps/root_authority_manifest_test-a4c5a43d81ab5aa7)

running 1 test
test root_rotation_via_signed_manifest_with_auto_provisioned_roots ... ok

test result: ok. 1 passed; 0 failed; 0 ignored; 0 measured; 0 filtered out; finished in 0.03s

     Running tests/root_key_lifecycle_test.rs (target/debug/deps/root_key_lifecycle_test-eed24f7bec0e3106)

running 10 tests
test empty_trust_anchor_set_trusts_no_root ... ok
test root_issuance_failure_serves_until_delegated_key_expiry_then_fails_closed ... ok
test unknown_issuer_is_rejected ... ok
test revoked_issuer_invalidates_all_descendants_before_exp ... ok
test a_split_seam_cannot_verify_under_a_revoked_root ... ok
test root_a_credential_accepted_while_a_is_current ... ok
test after_overlap_old_root_rejected_new_root_accepted ... ok
test revoking_one_root_does_not_disturb_the_other ... ok
test retirement_window_boundary_is_inclusive_then_closes ... ok
test during_overlap_both_roots_are_accepted ... ok

test result: ok. 10 passed; 0 failed; 0 ignored; 0 measured; 0 filtered out; finished in 0.02s

     Running tests/tls_load_harness_bench.rs (target/debug/deps/tls_load_harness_bench-a87f47b5711f9b71)

running 4 tests
mcp-re-proxy: audit event=mcp-re.request.accepted decision=Accepted reason=- actor=client:example.org:did%3Aexample%3Aagent-1:key-a status=200 at=1785874386
mcp-re-proxy: audit event=mcp-re.response.signed decision=Signed reason=- actor=client:example.org:did%3Aexample%3Aagent-1:key-a status=200 at=1785874386
test app_run_starts_and_drains_across_revocation_tiers ... ok
test load_harness_smoke ... ok
mcp-re-proxy: audit event=mcp-re.request.accepted decision=Accepted reason=- actor=client:example.org:did%3Aexample%3Aagent-1:key-a status=200 at=1785874388
mcp-re-proxy: audit event=mcp-re.response.signed decision=Signed reason=- actor=client:example.org:did%3Aexample%3Aagent-1:key-a status=200 at=1785874388
mcp-re-proxy: audit event=mcp-re.request.accepted decision=Accepted reason=- actor=client:example.org:did%3Aexample%3Aagent-1:key-a status=200 at=1785874388
mcp-re-proxy: audit event=mcp-re.response.signed decision=Signed reason=- actor=client:example.org:did%3Aexample%3Aagent-1:key-a status=200 at=1785874388
mcp-re-proxy: audit event=mcp-re.request.accepted decision=Accepted reason=- actor=client:example.org:did%3Aexample%3Aagent-1:key-a status=200 at=1785874388
mcp-re-proxy: audit event=mcp-re.response.signed decision=Signed reason=- actor=client:example.org:did%3Aexample%3Aagent-1:key-a status=200 at=1785874388
test inprocess_app_run_accepts_short_cert_rejects_long_cert ... ok
test tls_load_harness_bench ... ok

test result: ok. 4 passed; 0 failed; 0 ignored; 0 measured; 0 filtered out; finished in 18.59s

     Running tests/tls_test.rs (target/debug/deps/tls_test-bc36a8d83cc2d541)

running 31 tests
test crl_freshness_rejects_malformed_der ... ok
test cn_legacy_policy_reads_the_common_name ... ok
test crlf_in_dns_san_and_cn_fails_closed_like_the_header_path ... ok
test dns_san_policy_reads_the_dns_san ... ok
test multiple_dns_sans_select_first_deterministically ... ok
test crl_posture_reports_canonical_digest_and_dates ... ok
test gcp_kms_delegated_build_rejects_mismatch_and_non_ed25519_leaf ... ok
test non_ia5_unicode_uri_san_is_rejected_at_mint_time ... ok
test no_san_fails_closed_for_san_policies_cn_only_for_legacy ... ok
test multiple_uri_sans_select_first_deterministically ... ok
test crl_freshness_classifies_fresh_near_and_stale ... ok
test aws_kms_delegated_build_rejects_mismatch_and_non_ed25519_leaf ... ok
test padded_uri_san_is_trimmed_to_the_same_value_as_the_header_path ... ok
test oversized_uri_san_fails_closed_at_the_same_bound_as_the_header_path ... ok
test selected_source_absent_fails_closed_no_fallback ... ok
test uri_san_policy_reads_the_uri_san ... ok
test uri_san_with_nul_control_char_fails_closed ... ok
test validated_delegated_build_rejects_non_ed25519_leaf ... ok
test validated_delegated_build_rejects_cert_signer_key_mismatch ... ok
test missing_client_certificate_is_rejected ... ok
test revoked_client_cert_handshake_is_rejected ... ok
test non_revoked_client_cert_completes_handshake_with_crl_configured ... ok
test over_long_client_cert_is_rejected ... ok
test mtls_round_trip_extracts_client_identity_and_serves_request ... ok
test stale_crl_fails_client_handshake_closed ... ok
test delegated_ed25519_tls_handshake_round_trip ... ok
test untrusted_client_certificate_is_rejected ... ok
test within_limit_client_cert_is_served ... ok
test gcp_kms_delegated_tls_handshake_round_trip_and_corruption_fails ... ok
test aws_kms_delegated_tls_handshake_round_trip_and_corruption_fails ... ok
test validated_delegated_build_round_trip_and_corrupted_sig_fails ... ok

test result: ok. 31 passed; 0 failed; 0 ignored; 0 measured; 0 filtered out; finished in 0.02s

     Running tests/transparency_e2e_test.rs (target/debug/deps/transparency_e2e_test-276a1fc73ac75fe1)

running 7 tests
test retention_is_off_by_default_and_nothing_is_kept ... ok
test an_exchange_whose_evidence_cannot_be_retained_is_refused ... ok
test a_retention_store_that_cannot_accept_the_call_refuses_before_the_backend_runs ... ok
test a_retention_failure_after_execution_is_indeterminate_and_leaves_its_reservation ... ok
test a_served_notification_is_retained_like_any_other_accepted_exchange ... ok
test a_served_call_becomes_an_offline_verifiable_receipt ... ok
test the_statement_is_verifiable_against_the_bytes_the_store_kept ... ok

test result: ok. 7 passed; 0 failed; 0 ignored; 0 measured; 0 filtered out; finished in 0.13s

     Running tests/verified_context_carrier_test.rs (target/debug/deps/verified_context_carrier_test-3e0a6fba58a8db9f)

running 5 tests
test disabled_by_default_the_inner_server_sees_clean_mcp ... ok
test trusted_channel_carries_the_peps_verified_context ... ok
test unrelated_application_meta_survives_the_guard ... ok
test transport_contract_is_enforced_on_the_served_path ... ok
test a_caller_seeded_verified_context_never_reaches_the_inner_server ... ok

test result: ok. 5 passed; 0 failed; 0 ignored; 0 measured; 0 filtered out; finished in 0.01s

   Doc-tests mcp_re_proxy

running 0 tests

test result: ok. 0 passed; 0 failed; 0 ignored; 0 measured; 0 filtered out; finished in 0.00s


> @mcp-re/sdk@0.1.1 build
> npm run build:native && npm run build:ts


> @mcp-re/sdk@0.1.1 build:native
> napi build --platform --release --manifest-path Cargo.toml --output-dir native --js binding.js --dts binding.d.ts

   Compiling mcp-re-http-profile v0.14.0 (/Users/mats/dev/mcp-re/mcp-re-http-profile)
   Compiling mcp-re-client-core v0.14.0 (/Users/mats/dev/mcp-re/mcp-re-client-core)
   Compiling mcp-re-typescript-sdk v0.1.1 (/Users/mats/dev/mcp-re/sdk/typescript)
    Finished `release` profile [optimized] target(s) in 6.65s

> @mcp-re/sdk@0.1.1 build:ts
> tsc -p tsconfig.json


 RUN  v4.1.10 /Users/mats/dev/mcp-re/sdk/typescript
      Coverage enabled with v8


 Test Files  11 passed | 1 skipped (12)
      Tests  191 passed | 5 skipped (196)
   Start at  22:13:53
   Duration  2.22s (transform 101ms, setup 0ms, import 686ms, tests 594ms, environment 1ms)

 % Coverage report from v8
------------------|---------|----------|---------|---------|-------------------
File              | % Stmts | % Branch | % Funcs | % Lines | Uncovered Line #s 
------------------|---------|----------|---------|---------|-------------------
All files         |   97.39 |    91.69 |   95.19 |   98.12 |                   
 authorization.ts |   97.61 |      100 |   92.85 |   97.43 | 171               
 correlation.ts   |   98.24 |       95 |     100 |     100 | 144               
 custody.ts       |     100 |    97.91 |     100 |     100 | 278               
 mtls.ts          |   93.33 |    87.71 |   85.71 |   94.52 | 144,155,267,315   
 transport.ts     |   97.71 |    89.94 |      95 |    98.5 | 519,533,1048      
------------------|---------|----------|---------|---------|-------------------

=============================== Coverage summary ===============================
Statements   : 97.39% ( 448/460 )
Branches     : 91.69% ( 298/325 )
Functions    : 95.19% ( 99/104 )
Lines        : 98.12% ( 419/427 )
================================================================================
🍹 Building a mixed python/rust project
🐍 Found CPython 3.14 at /opt/homebrew/opt/python@3.14/bin/python3.14
🔗 Found pyo3 bindings with abi3-py3.9 support
📡 Using build options features from pyproject.toml
💻 Using `MACOSX_DEPLOYMENT_TARGET=11.0` for aarch64-apple-darwin by default
   Compiling mcp-re-http-profile v0.14.0 (/Users/mats/dev/mcp-re/mcp-re-http-profile)
   Compiling mcp-re-client-core v0.14.0 (/Users/mats/dev/mcp-re/mcp-re-client-core)
   Compiling mcp-re-python-sdk v0.1.0 (/Users/mats/dev/mcp-re/sdk/python)
    Finished `release` profile [optimized] target(s) in 2.83s
📦 Built wheel for abi3 Python ≥ 3.9 to dist/mcp_re_sdk-0.1.0-cp39-abi3-macosx_11_0_arm64.whl

[notice] A new release of pip is available: 26.1.2 -> 26.2
[notice] To update, run: /Users/mats/dev/mcp-re/sdk/python/.venv/bin/python3.14 -m pip install --upgrade pip
........................................................................ [ 36%]
........................................................................ [ 72%]
.......................................................                  [100%]
199 passed in 6.73s

[notice] A new release of pip is available: 26.1.2 -> 26.2
[notice] To update, run: /private/var/folders/vt/t895qng904z4qd35rt2_f5nc0000gn/T/tmp.OvN9WUoAFT/oracle/bin/python3.14 -m pip install --upgrade pip
wrote sdk/fixtures/parity_vectors.json

[stage 3] bazel parity (//...)                                     SKIPPED

[stage 4] local SLO lane (ADR-051 §7 anchor + gate)               SKIPPED

[stage 5] kind fleet proofs (identical harness to GKE)             SKIPPED

=====================================================================
LOCAL GATE: PASS (stages 1-2)
Only now is cloud spend justified — docs/security/gke-slo-baseline-runbook.md
=====================================================================
FAST_EXIT=0
2026-08-04T20:14:08Z
=== stage 3 ===
bazel-gazelle-gate: PASS — no unmanaged semantic drift.
  (tracked known drift still allowlisted:)
    - http_profile_client: MCPRE-123 — cargo example; needs external FastMCP backend, not hermetic
    - http_profile_proxy: MCPRE-123 — cargo example; needs external FastMCP backend, not hermetic
GAZELLE_EXIT=0
//mcp-re-transport:fault_injection_test                         (cached) PASSED in 0.8s
//mcp-re-transport:mcp_re_transport_test                        (cached) PASSED in 0.8s
//mcp-re-transport:mtls_client_test                             (cached) PASSED in 4.1s

Executed 0 out of 78 tests: 78 tests pass.
There were tests whose specified size is too big. Use the --test_verbose_timeout_warnings command line option to see which ones these are.
BAZEL_EXIT=0
2026-08-04T20:14:21Z
